ANALYST_INIT_CONTACT_ID_SK,REQ_TYPE_DESC,INIT_USER_GROUP,REQ_PRIORITY_SYM_DESC,REQ_IMPACT_SYM_DESC,REQ_CATEGORY_NAME,LOCATION_NAME,END_USER_CONTACT_ID_SK,ELAPSED_DAYS,DATA_MODEL,COUNTRY,OPEN_DATE,WEEK_DAY,DAYS_RANGE
0,0,0,1,1,0,0,0,20,0,0,0,0,2
0,1,0,0,0,1,0,0,8,1,0,1,1,1
0,0,0,0,0,2,0,0,8,0,0,2,2,1
0,0,0,0,0,3,0,0,43,0,0,3,3,2
0,0,0,0,0,2,0,0,0,0,0,4,0,0
0,0,0,0,0,2,0,0,0,0,0,5,0,0
0,1,0,1,1,1,0,0,6,0,0,6,4,1
0,0,0,0,0,2,0,0,8,0,0,7,1,1
1,1,0,2,2,4,0,1,20,0,0,8,4,2
0,0,0,0,0,2,0,0,1,0,0,9,1,0
2,1,0,3,2,5,0,2,23,1,0,10,3,2
0,1,0,0,0,6,0,0,7,0,0,11,2,1
0,0,0,1,1,0,0,0,42,0,0,12,1,2
3,1,1,1,1,1,1,3,4,0,1,13,1,0
4,1,2,1,1,7,2,4,0,2,2,14,2,0
4,1,2,1,1,8,3,5,0,3,2,15,1,0
5,0,3,1,1,9,2,6,42,4,2,16,3,2
5,0,3,1,1,9,2,6,8,4,2,17,3,1
5,0,3,2,1,9,2,6,36,4,2,18,0,2
5,0,3,2,1,9,2,6,58,4,2,19,0,2
5,1,3,0,0,3,4,7,0,1,3,20,1,0
5,0,3,1,1,2,2,8,6,2,2,21,3,1
5,0,3,2,1,2,5,9,8,0,4,22,3,1
5,1,3,1,1,10,6,10,0,3,3,23,4,0
5,1,3,1,1,10,2,11,12,2,2,24,3,1
5,1,3,1,1,11,4,12,68,5,3,25,3,2
5,1,3,1,1,11,4,12,104,5,3,26,1,2
5,1,3,1,1,11,4,12,104,5,3,27,1,2
5,1,3,1,1,11,4,12,104,5,3,28,1,2
5,1,3,1,1,11,4,12,104,5,3,29,1,2
5,0,3,1,1,12,0,13,11,1,0,30,1,1
5,0,3,1,1,13,0,14,8,0,0,31,1,1
5,0,3,1,1,0,7,15,1,3,1,32,3,0
5,0,3,2,1,10,6,16,8,6,3,33,2,1
5,0,3,1,1,14,8,17,79,2,5,34,0,2
5,0,3,1,1,13,9,18,4,0,6,35,0,0
5,1,3,2,1,15,10,19,31,2,7,36,2,2
5,1,3,1,1,16,11,20,17,4,8,37,0,2
5,1,3,1,1,16,12,21,1,1,8,38,3,0
5,1,3,2,1,16,5,22,51,0,4,39,2,2
5,0,3,2,1,13,5,23,3,0,4,40,0,0
5,0,3,2,1,13,5,23,3,0,4,41,0,0
5,1,3,1,1,16,0,0,98,4,0,42,4,2
5,0,3,1,1,14,2,24,30,1,2,43,2,2
5,0,3,1,1,13,1,3,98,0,1,44,1,2
5,0,3,1,1,13,1,3,98,0,1,45,1,2
5,0,3,1,1,13,2,25,122,2,2,46,4,2
5,0,3,2,1,13,6,26,65,7,3,47,0,2
5,1,3,1,1,17,5,27,0,0,4,48,4,0
5,1,3,1,1,17,5,27,0,0,4,49,4,0
5,0,3,1,1,13,6,28,91,2,3,50,4,2
5,0,3,0,0,13,2,29,32,4,2,51,4,2
5,0,3,1,1,14,13,30,1,1,9,52,0,0
5,0,3,2,1,13,5,31,8,1,4,53,3,1
5,0,3,2,1,14,2,24,1,1,2,54,0,0
5,0,3,1,1,13,2,32,64,4,2,55,2,2
5,1,3,1,1,15,2,33,2,4,2,56,0,0
5,1,3,1,1,18,6,28,13,6,3,57,3,1
5,1,3,1,1,18,6,28,13,6,3,58,3,1
5,0,3,2,1,13,1,3,2,0,1,59,0,0
5,0,3,1,1,14,4,12,8,0,3,60,2,1
5,0,3,2,1,0,5,34,0,0,4,61,4,0
5,0,3,1,1,13,11,35,9,0,8,62,2,1
5,0,3,1,1,13,8,36,46,0,5,63,4,2
5,0,3,2,1,13,14,37,33,0,10,64,4,2
5,0,3,1,1,13,4,38,104,8,3,65,3,2
5,0,3,1,1,19,5,39,22,0,4,66,1,2
5,1,3,0,0,15,2,40,6,1,2,67,3,1
5,1,3,0,0,15,2,40,6,1,2,68,3,1
5,0,3,1,1,20,2,6,17,4,2,69,2,2
5,0,3,2,1,9,2,41,6,3,2,70,1,1
5,0,3,1,1,9,1,3,30,0,1,71,2,2
5,0,3,2,1,9,10,42,24,0,7,72,0,2
5,0,3,2,1,9,11,43,33,0,8,73,3,2
5,1,3,2,1,21,0,44,19,6,0,74,1,2
5,0,3,2,1,12,10,45,6,0,7,75,4,1
5,1,3,1,1,15,5,46,5,1,4,76,4,0
5,0,3,1,1,3,12,47,83,0,8,77,1,2
5,0,3,2,1,2,13,48,22,0,9,78,5,2
5,0,3,1,1,9,2,6,51,4,2,79,3,2
5,1,3,0,0,17,13,48,11,0,9,80,1,1
5,1,3,0,0,17,13,48,11,0,9,81,1,1
5,0,3,2,1,22,15,49,10,2,7,82,0,1
5,0,3,2,1,13,2,50,18,4,2,83,0,2
5,0,3,1,1,13,4,51,41,0,3,84,4,2
5,1,3,0,0,16,12,52,4,1,8,85,4,0
5,0,3,2,1,13,2,50,5,4,2,86,4,0
5,0,3,1,1,2,5,9,24,0,4,87,2,2
5,1,3,2,1,23,16,53,4,4,4,88,1,0
5,0,3,2,1,9,2,54,37,4,2,89,1,2
5,0,3,2,1,14,2,25,53,2,2,90,1,2
5,0,3,2,1,13,6,55,28,4,3,91,3,2
5,1,3,2,1,17,0,44,21,6,0,92,0,2
5,0,3,2,1,9,2,8,22,9,2,93,2,2
5,0,3,1,1,9,13,56,50,1,9,94,5,2
5,0,3,1,1,9,4,57,93,0,3,95,2,2
5,0,3,2,1,9,4,57,35,0,3,96,2,2
5,0,3,2,1,9,4,57,52,0,3,97,2,2
5,0,3,1,1,14,2,25,41,2,2,98,4,2
5,0,3,1,1,2,13,56,17,1,9,99,5,2
5,0,3,1,1,13,17,58,30,4,6,100,2,2
5,0,3,1,1,13,5,22,51,1,4,101,2,2
5,0,3,2,1,1,5,59,8,1,4,102,3,1
5,1,3,0,0,24,5,60,20,5,4,103,2,2
5,0,3,1,1,13,6,16,13,6,3,104,2,1
5,1,3,0,0,1,4,61,3,0,3,105,2,0
5,1,3,2,1,17,5,27,1,0,4,106,2,0
5,0,3,1,1,13,18,62,16,0,4,107,2,2
5,1,3,2,1,17,5,27,6,0,4,108,4,1
5,0,3,2,1,14,6,28,0,6,3,109,3,0
5,0,3,2,1,14,6,28,0,6,3,110,3,0
5,0,3,2,1,14,4,63,55,1,3,111,1,2
5,1,3,2,1,15,6,64,0,8,3,112,2,0
5,1,3,2,1,15,6,64,0,8,3,113,2,0
5,0,3,1,1,0,19,65,10,0,5,114,0,1
5,1,3,2,1,15,2,66,99,4,2,115,0,2
5,1,3,1,1,10,4,12,126,5,3,116,0,2
5,1,3,2,1,15,12,67,2,2,8,117,3,0
5,1,3,2,1,1,20,68,1,0,6,118,1,0
5,1,3,1,1,10,4,12,37,5,3,119,6,2
5,0,3,1,1,12,21,69,36,-1,3,120,1,2
5,0,3,2,1,13,4,70,24,0,3,121,2,2
5,0,3,1,1,0,20,68,8,0,6,122,2,1
5,0,3,1,1,13,2,25,82,2,2,123,3,2
5,0,3,1,1,0,6,55,41,4,3,124,4,2
5,1,3,1,1,16,2,25,22,2,2,125,2,2
5,0,3,1,1,14,2,24,14,1,2,126,1,1
5,0,3,2,1,13,1,3,21,0,1,127,2,2
5,0,3,1,1,13,5,31,79,0,4,128,2,2
5,0,3,1,1,13,13,71,14,1,9,129,0,1
5,1,3,1,1,16,2,25,22,2,2,130,2,2
5,1,3,1,1,15,22,72,0,2,6,131,2,0
5,0,3,2,1,9,10,73,10,0,7,132,0,1
5,1,3,0,0,23,13,74,10,1,9,133,2,1
5,0,3,3,2,20,6,75,10,9,3,134,4,1
5,0,3,2,1,19,13,76,7,0,9,135,1,1
5,0,3,1,1,14,4,12,2,5,3,136,2,0
5,0,3,1,1,13,2,8,91,2,2,137,4,2
5,0,3,1,1,8,2,77,34,4,2,138,3,2
5,0,3,1,1,13,5,78,93,0,4,139,2,2
5,0,3,1,1,13,10,79,93,0,7,140,2,2
5,0,3,2,1,13,5,22,23,1,4,141,2,2
5,1,3,2,1,23,5,80,1,-1,4,142,0,0
5,0,3,1,1,20,10,73,11,0,7,143,0,1
5,1,3,1,1,25,4,81,29,0,3,144,1,2
5,0,3,2,1,14,5,82,3,10,4,145,2,0
5,1,3,0,0,16,5,82,3,1,4,146,2,0
5,0,3,1,1,13,2,83,28,4,2,147,2,2
5,0,3,1,1,13,6,16,52,6,3,148,4,2
5,0,3,2,1,14,2,25,12,2,2,149,1,1
5,0,3,2,1,14,2,25,12,2,2,150,1,1
5,1,3,0,0,25,23,84,0,1,11,151,3,0
5,1,3,0,0,23,24,85,3,0,12,152,2,0
5,1,3,2,1,23,25,86,3,1,6,153,2,0
5,0,3,2,1,20,15,87,3,4,7,154,2,0
5,0,3,2,1,9,1,88,1,1,1,155,3,0
5,0,3,2,1,9,13,48,6,1,9,156,5,1
5,0,3,1,1,9,1,89,6,0,1,157,4,1
5,0,3,1,1,9,2,50,43,4,2,158,2,2
5,0,3,1,1,12,6,90,20,4,3,159,2,2
5,0,3,2,1,2,2,41,8,3,2,160,3,1
5,0,3,1,1,20,2,32,8,4,2,161,2,1
5,0,3,1,1,2,2,8,37,2,2,162,3,2
5,0,3,1,1,2,2,8,37,2,2,163,3,2
5,0,3,1,1,20,4,91,5,0,3,164,1,0
5,0,3,2,1,9,5,9,1,0,4,165,1,0
5,0,3,2,1,9,6,92,15,0,3,166,1,1
5,0,3,2,1,12,12,93,0,4,8,167,0,0
5,0,3,1,1,9,2,54,8,4,2,168,2,1
5,0,3,2,1,9,26,94,11,0,10,169,0,1
5,0,3,0,0,26,11,95,15,0,8,170,2,1
5,0,3,2,1,2,8,96,7,0,5,171,4,1
5,0,3,2,1,2,6,97,3,8,3,172,4,0
5,0,3,2,1,9,5,9,11,0,4,173,4,1
5,1,3,1,1,1,22,98,168,4,6,174,0,2
5,0,3,1,1,27,26,99,8,0,10,175,2,1
5,0,3,1,1,27,26,99,8,0,10,176,2,1
5,0,3,2,1,9,5,100,15,0,4,177,0,1
5,0,3,1,1,2,4,101,30,1,3,178,0,2
5,0,3,1,1,27,4,38,63,8,3,179,3,2
5,0,3,2,1,20,5,9,39,1,4,180,4,2
5,0,3,1,1,9,2,50,92,4,2,181,1,2
5,0,3,0,0,9,6,90,79,4,3,182,0,2
5,1,3,0,0,15,4,102,0,5,3,183,0,0
5,0,3,2,1,13,5,23,3,0,4,184,2,0
5,0,3,2,1,13,5,103,8,0,4,185,2,1
5,0,3,2,1,13,5,103,8,0,4,186,2,1
5,0,3,2,2,13,2,32,21,4,2,187,2,2
5,0,3,2,1,13,5,104,39,0,4,188,1,2
5,0,3,1,1,9,4,38,20,8,3,189,2,2
5,0,3,2,1,9,5,9,9,0,4,190,0,1
5,0,3,0,0,20,4,38,62,8,3,191,3,2
5,0,3,2,1,9,6,105,12,6,3,192,5,1
5,0,3,1,1,13,2,50,15,4,2,193,0,1
5,0,3,1,1,13,6,105,39,6,3,194,1,2
5,1,3,1,1,18,10,106,41,1,7,195,2,2
5,0,3,2,1,14,6,105,4,6,3,196,1,0
5,0,3,2,1,13,2,54,15,4,2,197,1,1
5,0,3,2,1,20,2,41,0,3,2,198,4,0
5,0,3,2,1,27,5,107,13,1,4,199,4,1
5,1,3,0,0,1,13,71,29,0,9,200,2,2
5,0,3,1,1,10,2,108,30,2,2,201,3,2
5,1,3,1,1,17,4,70,6,0,3,202,3,1
5,0,3,1,1,10,2,108,30,2,2,203,3,2
5,0,3,1,1,10,2,108,30,2,2,204,3,2
5,0,3,1,1,10,2,108,30,2,2,205,3,2
5,0,3,2,1,0,10,109,6,0,7,206,1,1
5,0,3,2,1,0,10,109,6,0,7,207,1,1
5,0,3,2,1,0,2,25,42,2,2,208,3,2
5,0,3,2,1,13,5,110,3,0,4,209,5,0
5,0,3,1,1,12,27,111,7,1,3,210,2,1
5,1,3,2,1,15,4,112,0,1,3,211,2,0
5,1,3,2,1,23,5,113,7,1,4,212,2,1
5,0,3,1,1,27,4,114,26,0,3,213,5,2
5,0,3,1,1,27,4,114,26,0,3,214,5,2
5,1,3,0,0,25,4,12,10,0,3,215,6,1
5,1,3,0,0,25,4,12,4,0,3,216,6,0
5,0,3,2,1,27,4,115,12,5,3,217,3,1
5,0,3,2,1,9,5,116,4,0,4,218,1,0
5,1,3,2,1,23,1,117,7,0,1,219,2,1
5,1,3,0,0,28,4,12,8,5,3,220,5,1
5,0,3,0,0,20,5,118,37,0,4,221,2,2
5,0,3,1,1,20,2,6,27,4,2,222,1,2
5,0,3,1,1,20,4,119,14,4,3,223,3,1
5,0,3,1,1,20,2,6,14,4,2,224,2,1
5,1,3,0,0,23,12,120,8,4,8,225,2,1
5,0,3,1,1,27,4,114,63,0,3,226,3,2
5,0,3,1,1,9,0,121,28,0,0,227,2,2
5,0,3,0,1,12,1,122,9,0,1,228,0,1
5,0,3,1,1,9,5,123,31,0,4,229,0,2
5,0,3,1,1,13,6,75,96,2,3,230,3,2
5,1,3,2,1,15,12,124,12,2,8,231,1,1
5,0,3,2,1,0,6,55,10,4,3,232,2,1
5,0,3,2,1,0,6,55,10,4,3,233,2,1
5,1,3,2,1,15,8,125,0,-1,5,234,4,0
5,0,3,1,1,0,5,34,46,0,4,235,1,2
5,0,3,1,1,0,5,34,46,0,4,236,1,2
5,0,3,1,1,12,4,126,0,1,3,237,0,0
5,0,3,2,1,0,5,22,0,0,4,238,3,0
5,1,3,0,0,15,4,127,0,2,3,239,3,0
5,1,3,0,0,15,4,127,0,2,3,240,3,0
5,0,3,2,1,13,5,100,13,0,4,241,2,1
5,0,3,2,1,13,5,100,13,0,4,242,2,1
5,0,3,1,1,13,10,106,24,0,7,243,4,2
5,0,3,1,1,12,13,71,1,1,9,244,2,0
5,0,3,1,1,12,13,71,1,1,9,245,2,0
5,1,3,0,0,10,4,12,76,5,3,246,3,2
5,1,3,0,0,15,6,128,0,2,3,247,4,0
5,1,3,1,1,16,2,54,0,4,2,248,4,0
5,1,3,1,1,16,2,54,0,4,2,249,4,0
5,0,3,2,1,13,6,75,26,2,3,250,4,2
5,0,3,1,1,12,6,129,183,5,3,251,3,2
5,0,3,0,0,14,12,130,112,2,8,252,3,2
5,0,3,0,0,14,12,130,112,2,8,253,3,2
5,0,3,2,2,13,2,54,56,4,2,254,2,2
5,0,3,2,2,13,2,54,56,4,2,255,2,2
5,0,3,1,1,13,2,24,51,1,2,256,0,2
5,0,3,2,1,13,2,54,5,4,2,257,1,0
5,0,3,2,1,13,14,37,42,0,10,258,3,2
5,0,3,2,1,12,28,131,2,2,3,259,5,0
5,1,3,2,1,18,5,132,27,1,4,260,2,2
5,0,3,2,1,13,15,133,6,4,7,261,2,1
5,0,3,1,1,14,5,134,1,0,4,262,2,0
5,0,3,1,1,13,8,135,22,0,5,263,0,2
5,0,3,1,1,12,10,136,28,0,7,264,0,2
5,0,3,1,1,0,4,61,1,0,3,265,0,0
5,0,3,1,1,13,26,99,38,0,10,266,0,2
5,1,3,0,0,15,29,137,6,2,1,267,1,1
5,0,3,2,1,1,20,68,6,0,6,268,3,1
5,1,3,1,1,28,30,138,2,1,6,269,3,0
5,0,3,2,1,9,2,41,13,3,2,270,4,1
5,0,3,2,1,9,2,41,28,3,2,271,4,2
5,0,3,2,1,9,13,56,7,1,9,272,6,1
5,1,3,1,1,1,0,139,6,1,0,273,1,1
5,1,3,2,1,17,4,140,1,0,3,274,1,0
5,0,3,1,1,13,2,77,16,4,2,275,2,2
5,0,3,2,1,13,5,23,15,0,4,276,3,1
5,0,3,1,1,14,6,141,0,2,3,277,2,0
5,0,3,2,1,0,13,30,68,2,9,278,3,2
5,1,3,2,1,15,31,142,55,2,13,279,4,2
5,0,3,2,1,13,1,143,21,0,1,280,3,2
5,0,3,2,1,13,1,143,21,0,1,281,3,2
5,0,3,2,1,0,1,3,8,0,1,282,3,1
5,0,3,2,1,13,2,40,40,1,2,283,3,2
5,0,3,2,1,9,20,144,8,1,6,284,2,1
5,1,3,2,1,23,4,145,6,0,3,285,1,1
5,0,3,2,1,13,2,50,4,4,2,286,4,0
5,0,3,1,1,27,6,146,52,6,3,287,2,2
5,0,3,1,1,13,4,12,86,5,3,288,5,2
5,0,3,1,1,0,4,12,6,5,3,289,2,1
5,1,3,1,1,15,6,147,43,7,3,290,2,2
5,0,3,1,1,13,8,135,2,0,5,291,3,0
5,0,3,1,1,0,32,148,13,0,14,292,2,1
5,1,3,1,1,17,8,149,12,0,5,293,1,1
5,1,3,1,1,17,8,149,12,0,5,294,1,1
5,0,3,1,1,14,4,12,5,5,3,295,1,0
5,0,3,2,1,13,5,22,5,1,4,296,1,0
5,0,3,2,1,9,10,150,10,0,7,297,0,1
5,0,3,1,1,13,4,38,79,8,3,298,3,2
5,0,3,1,1,13,4,38,79,8,3,299,3,2
5,0,3,1,1,1,5,151,10,4,4,300,2,1
5,0,3,2,1,2,27,152,1,1,3,301,3,0
5,0,3,1,1,13,5,9,65,1,4,302,3,2
5,0,3,2,1,9,8,153,7,0,5,303,2,1
5,0,3,2,1,9,8,153,7,0,5,304,2,1
5,1,3,0,0,29,6,105,13,6,3,305,1,1
5,0,3,1,1,9,6,105,75,6,3,306,1,2
5,1,3,2,1,28,5,154,1,0,4,307,1,0
5,0,3,2,1,9,2,50,37,2,2,308,2,2
5,0,3,2,1,0,1,3,3,0,1,309,0,0
5,0,3,2,1,0,1,3,3,0,1,310,0,0
5,1,3,2,1,23,17,155,0,5,6,311,0,0
5,0,3,1,1,12,4,156,67,4,3,312,0,2
5,0,3,1,1,12,4,156,67,4,3,313,0,2
5,0,3,1,1,9,2,50,21,4,2,314,2,2
5,0,3,2,1,2,5,9,6,0,4,315,2,1
5,0,3,2,1,3,0,44,10,6,0,316,2,1
5,0,3,2,1,13,2,54,19,4,2,317,1,2
5,0,3,1,1,27,0,44,10,6,0,318,2,1
5,0,3,2,1,12,4,157,22,2,3,319,2,2
5,1,3,0,0,1,5,34,0,0,4,320,2,0
5,1,3,2,1,20,6,158,10,6,3,321,2,1
5,0,3,2,1,13,2,50,5,4,2,322,4,0
5,1,3,2,1,18,5,34,36,0,4,323,3,2
5,0,3,2,1,13,2,54,21,4,2,324,1,2
5,0,3,1,1,14,15,159,20,4,7,325,1,2
5,0,3,1,1,14,6,16,61,6,3,326,1,2
5,1,3,1,1,17,5,22,141,5,4,327,3,2
5,0,3,1,1,13,4,12,49,5,3,328,1,2
5,1,3,1,1,1,5,160,68,0,4,329,4,2
5,0,3,2,1,13,5,22,17,1,4,330,2,2
5,0,3,1,1,13,2,24,60,1,2,331,0,2
5,0,3,1,1,13,2,25,0,2,2,332,3,0
5,1,3,0,0,15,6,161,2,3,3,333,2,0
5,1,3,1,1,18,2,25,20,2,2,334,1,2
5,0,3,2,1,13,11,43,9,0,8,335,2,1
5,1,3,0,0,23,22,162,5,1,6,336,1,0
5,0,3,1,1,20,2,6,8,4,2,337,3,1
5,0,3,2,1,9,17,163,1,1,6,338,3,0
5,0,3,2,1,27,6,164,6,7,3,339,2,1
5,0,3,1,1,0,6,165,5,1,3,340,3,0
5,0,3,1,1,13,4,12,36,5,3,341,2,2
5,0,3,0,0,27,2,25,21,2,2,342,4,2
5,0,3,1,1,3,2,50,83,4,2,343,1,2
5,1,3,1,1,23,16,166,0,4,4,344,2,0
5,1,3,2,1,5,20,144,8,1,6,345,0,1
5,0,3,1,1,9,26,99,32,0,10,346,5,2
5,0,3,2,1,27,2,25,17,2,2,347,2,2
5,1,3,0,0,17,30,167,68,10,6,348,4,2
5,1,3,0,0,17,30,167,68,10,6,349,4,2
5,1,3,0,0,17,30,167,68,10,6,350,4,2
5,0,3,1,1,0,33,168,47,1,12,351,1,2
5,0,3,1,1,14,5,169,14,0,4,352,2,1
5,0,3,0,0,26,12,170,117,4,8,353,4,2
5,1,3,0,0,17,30,167,68,10,6,354,4,2
5,0,3,1,1,13,5,104,29,0,4,355,5,2
5,0,3,2,1,0,2,25,7,2,2,356,0,1
5,0,3,1,1,0,6,55,36,4,3,357,1,2
5,0,3,1,1,0,6,55,71,4,3,358,1,2
5,1,3,0,1,15,1,171,0,0,1,359,4,0
5,1,3,2,1,18,10,109,58,1,7,360,5,2
5,0,3,1,1,14,0,44,109,6,0,361,0,2
5,0,3,3,2,14,2,50,17,4,2,362,2,2
5,0,3,1,1,14,2,50,8,4,2,363,2,1
5,0,3,1,1,0,6,172,37,2,3,364,2,2
5,0,3,3,2,13,5,31,16,0,4,365,3,2
5,0,3,3,2,13,5,31,16,0,4,366,3,2
5,1,3,2,1,15,4,173,3,4,3,367,4,0
5,1,3,1,0,15,22,174,0,2,6,368,4,0
5,0,3,1,1,13,5,110,62,0,4,369,4,2
5,1,3,2,1,17,32,175,35,0,14,370,4,2
5,1,3,1,1,15,2,176,4,4,2,371,0,0
5,1,3,1,1,15,2,176,4,4,2,372,0,0
5,0,3,1,1,0,30,177,35,4,6,373,4,2
5,0,3,1,1,13,12,178,10,2,8,374,2,1
5,0,3,1,1,13,12,178,10,2,8,375,2,1
5,1,3,1,1,17,4,12,1,5,3,376,0,0
5,1,3,1,1,11,4,12,28,5,3,377,3,2
5,1,3,1,1,11,4,12,28,5,3,378,3,2
5,0,3,2,1,0,1,3,1,0,1,379,2,0
5,0,3,2,1,14,6,16,3,6,3,380,2,0
5,0,3,1,1,0,4,179,136,5,3,381,0,2
5,0,3,2,1,14,10,180,62,2,7,382,2,2
5,0,3,2,1,14,10,180,62,2,7,383,2,2
5,1,3,2,1,16,4,181,86,2,3,384,2,2
5,1,3,2,1,16,4,181,86,2,3,385,2,2
5,0,3,2,1,13,2,50,18,4,2,386,0,2
5,0,3,1,1,13,5,182,25,0,4,387,0,2
5,0,3,1,1,13,5,182,25,0,4,388,0,2
5,1,3,1,1,17,4,183,76,0,3,389,4,2
5,0,3,2,1,0,6,55,15,4,3,390,0,1
5,0,3,1,1,13,2,50,63,4,2,391,0,2
5,1,3,0,0,1,1,3,4,0,1,392,1,0
5,1,3,2,1,10,5,184,28,5,4,393,4,2
5,0,3,1,1,20,30,185,27,0,6,394,4,2
5,1,3,0,0,18,6,186,0,7,3,395,0,0
5,0,3,1,1,13,21,187,40,1,3,396,3,2
5,0,3,2,1,13,9,188,43,1,6,397,3,2
5,0,3,2,1,13,2,54,24,4,2,398,4,2
5,0,3,2,1,13,2,54,24,4,2,399,4,2
5,0,3,1,1,9,2,8,26,2,2,400,4,2
5,0,3,1,1,20,2,40,16,0,2,401,0,2
5,0,3,1,1,27,5,34,84,0,4,402,1,2
5,0,3,1,1,20,6,164,5,7,3,403,3,0
5,0,3,1,1,9,13,71,1,0,9,404,1,0
5,0,3,2,1,20,2,50,8,4,2,405,3,1
5,1,3,1,0,29,5,9,25,0,4,406,4,2
5,0,3,1,1,10,16,189,8,2,4,407,1,1
5,0,3,2,1,14,4,38,0,8,3,408,2,0
5,1,3,2,1,17,6,190,1,0,3,409,2,0
5,1,3,2,1,17,6,190,1,0,3,410,2,0
5,0,3,0,0,13,2,191,64,4,2,411,1,2
5,0,3,2,1,9,2,41,25,3,2,412,1,2
5,0,3,2,1,13,2,8,56,2,2,413,2,2
5,0,3,2,1,27,2,25,45,2,2,414,4,2
5,1,3,1,1,28,0,44,8,6,0,415,2,1
5,0,3,2,1,27,4,38,1,8,3,416,2,0
5,0,3,1,1,20,2,6,12,4,2,417,1,1
5,0,3,1,1,27,5,34,35,0,4,418,3,2
5,0,3,2,1,20,5,9,4,0,4,419,0,0
5,0,3,1,1,20,5,34,29,0,4,420,1,2
5,1,3,2,1,28,6,158,6,6,3,421,2,1
5,1,3,2,1,25,13,48,9,0,9,422,5,1
5,1,3,0,1,3,6,192,9,6,3,423,3,1
5,1,3,2,1,18,2,193,16,3,2,424,2,2
5,0,3,1,1,0,33,168,16,0,12,425,2,2
5,0,3,1,1,13,2,8,16,2,2,426,2,2
5,0,3,1,1,19,4,51,1,0,3,427,2,0
5,1,3,0,0,10,4,12,34,5,3,428,3,2
5,0,3,2,1,9,13,71,25,0,9,429,5,2
5,1,3,1,0,23,22,194,1,2,6,430,1,0
5,0,3,1,1,27,33,168,2,0,12,431,2,0
5,0,3,1,1,27,33,168,7,1,12,432,2,1
5,0,3,2,1,9,5,195,1,1,4,433,1,0
5,0,3,2,1,9,2,41,5,3,2,434,4,0
5,1,3,2,1,30,4,196,10,6,3,435,2,1
5,0,3,2,1,3,5,197,4,3,4,436,4,0
5,0,3,1,1,20,8,198,19,0,5,437,1,2
5,0,3,2,1,9,5,195,5,1,4,438,1,0
5,0,3,2,1,9,4,114,7,0,3,439,3,1
5,0,3,1,1,9,4,51,2,0,3,440,3,0
5,0,3,2,1,31,17,163,6,0,6,441,3,1
5,1,3,1,1,3,5,199,4,0,4,442,1,0
5,0,3,1,1,20,6,75,26,2,3,443,3,2
5,0,3,1,1,27,26,200,1,5,10,444,3,0
5,1,3,2,1,23,0,201,5,-1,0,445,1,0
5,0,3,2,1,9,2,32,17,4,2,446,2,2
5,1,3,1,1,28,5,154,1,0,4,447,0,0
5,1,3,1,1,16,12,21,17,1,8,448,4,2
5,0,3,1,1,0,19,202,47,1,5,449,4,2
5,0,3,1,1,13,2,40,63,1,2,450,2,2
5,1,3,0,0,15,6,203,0,2,3,451,2,0
5,1,3,1,1,16,30,167,78,1,6,452,2,2
5,1,3,0,0,17,0,44,3,6,0,453,0,0
5,0,3,1,1,14,4,38,13,8,3,454,2,1
5,0,3,2,1,13,2,50,52,4,2,455,2,2
5,1,3,1,1,16,2,32,1,4,2,456,3,0
5,0,3,1,1,13,6,75,146,2,3,457,4,2
5,0,3,1,1,13,6,75,146,2,3,458,4,2
5,0,3,1,1,0,5,27,3,0,4,459,2,0
5,0,3,1,1,0,5,27,3,0,4,460,2,0
5,1,3,1,1,17,8,149,15,0,5,461,3,1
5,1,3,1,1,17,8,149,15,0,5,462,3,1
5,0,3,1,1,0,22,204,13,1,6,463,4,1
5,1,3,1,1,15,2,77,0,1,2,464,2,0
5,0,3,1,1,13,11,205,8,0,8,465,0,1
5,0,3,1,1,14,2,25,33,2,2,466,1,2
5,1,3,1,1,17,4,12,0,5,3,467,4,0
5,0,3,1,1,1,0,206,40,6,0,468,3,2
5,1,3,2,1,28,5,154,1,0,4,469,1,0
5,0,3,2,1,9,2,54,0,4,2,470,1,0
5,0,3,1,1,9,2,54,5,4,2,471,1,0
5,0,3,2,2,9,2,41,26,3,2,472,1,2
5,0,3,1,1,32,4,38,27,8,3,473,1,2
5,0,3,1,1,0,6,55,63,2,3,474,1,2
5,0,3,2,1,12,15,159,45,2,7,475,4,2
5,0,3,2,1,12,15,159,45,2,7,476,4,2
5,0,3,1,1,13,6,55,75,2,3,477,1,2
5,0,3,1,1,13,6,55,75,2,3,478,1,2
5,0,3,2,1,13,5,22,54,1,4,479,4,2
5,1,3,1,1,18,8,207,64,2,5,480,2,2
5,0,3,1,1,13,2,32,21,4,2,481,2,2
5,0,3,1,1,13,2,32,21,4,2,482,2,2
5,1,3,1,1,16,32,148,0,0,14,483,2,0
5,0,3,1,1,13,0,121,32,1,0,484,0,2
5,1,3,1,1,16,4,12,0,0,3,485,0,0
5,0,3,1,1,13,5,34,91,0,4,486,0,2
5,1,3,0,0,10,4,12,11,5,3,487,4,1
5,0,3,1,1,13,6,16,31,6,3,488,4,2
5,0,3,2,1,13,10,79,41,0,7,489,1,2
5,1,3,1,1,1,5,78,33,0,4,490,4,2
5,1,3,0,0,25,8,208,18,1,5,491,1,2
5,0,3,1,1,9,2,6,15,4,2,492,3,1
5,0,3,1,1,20,26,99,27,0,10,493,3,2
5,0,3,2,1,9,2,41,1,9,2,494,3,0
5,0,3,1,1,13,34,209,5,6,3,495,4,0
5,0,3,1,1,20,2,6,12,4,2,496,4,1
5,0,3,1,1,20,2,6,13,4,2,497,4,1
5,0,3,1,1,12,4,210,34,1,3,498,4,2
5,0,3,0,0,2,2,25,90,2,2,499,2,2
5,0,3,1,1,2,4,51,1,0,3,500,2,0
5,0,3,1,1,9,2,50,64,4,2,501,2,2
5,0,3,1,1,12,1,122,20,1,1,502,2,2
5,0,3,1,1,20,35,211,3,0,6,503,0,0
5,0,3,2,1,20,2,6,10,4,2,504,2,1
5,0,3,1,1,20,4,51,0,5,3,505,2,0
5,1,3,0,0,3,4,12,22,0,3,506,0,2
5,1,3,2,1,17,11,35,0,0,8,507,2,0
5,0,3,1,1,13,4,212,39,6,3,508,1,2
5,0,3,1,1,13,4,212,39,6,3,509,1,2
5,0,3,1,1,13,2,83,72,0,2,510,2,2
5,0,3,1,1,20,2,6,6,4,2,511,4,1
5,1,3,1,1,17,8,36,24,0,5,512,2,2
5,0,3,1,1,13,2,25,8,2,2,513,0,1
5,1,3,1,1,18,6,213,18,6,3,514,4,2
5,0,3,1,1,0,8,208,5,0,5,515,4,0
5,1,3,1,1,11,8,208,4,1,5,516,0,0
5,1,3,1,1,11,8,208,4,1,5,517,0,0
5,0,3,1,1,13,2,77,4,4,2,518,0,0
5,1,3,0,0,16,2,77,30,4,2,519,0,2
5,0,3,2,1,13,2,24,22,1,2,520,0,2
5,0,3,1,1,0,5,214,116,5,4,521,0,2
5,0,3,2,1,13,2,24,22,1,2,522,0,2
5,1,3,1,1,10,4,12,145,5,3,523,1,2
5,0,3,2,1,13,2,24,22,1,2,524,0,2
5,0,3,1,1,2,5,9,29,0,4,525,3,2
5,0,3,1,1,9,5,9,7,0,4,526,3,1
5,0,3,2,1,9,5,215,40,0,4,527,3,2
5,1,3,0,0,23,23,216,0,1,11,528,1,0
5,0,3,2,1,2,2,25,4,2,2,529,1,0
5,0,3,1,1,9,5,39,35,0,4,530,3,2
5,1,3,1,1,3,12,47,21,0,8,531,3,2
5,1,3,1,1,16,6,217,78,2,3,532,3,2
5,0,3,2,1,14,12,218,21,2,8,533,1,2
5,0,3,0,0,0,8,17,7,2,5,534,4,1
5,0,3,1,1,20,26,94,19,1,10,535,1,2
5,1,3,1,1,25,0,44,7,6,0,536,0,1
5,0,3,2,1,9,2,41,4,3,2,537,4,0
5,0,3,1,1,3,36,219,0,0,15,538,1,0
5,0,3,2,1,9,2,41,4,3,2,539,4,0
5,0,3,2,1,20,1,220,4,0,1,540,4,0
5,0,3,1,1,20,2,6,34,4,2,541,4,2
5,0,3,2,1,20,1,3,5,0,1,542,3,0
5,0,3,1,1,33,6,146,2,6,3,543,3,0
5,1,3,0,0,16,2,50,186,4,2,544,1,2
5,1,3,1,1,5,13,221,63,5,9,545,2,2
5,1,3,1,1,5,13,48,15,0,9,546,2,1
5,0,3,2,1,20,35,211,6,0,6,547,3,1
5,1,3,1,1,28,4,222,6,0,3,548,3,1
5,0,3,1,1,20,12,43,5,0,8,549,4,0
5,0,3,1,1,9,2,50,64,4,2,550,2,2
5,0,3,2,1,9,2,41,25,9,2,551,0,2
5,0,3,2,1,32,13,48,3,0,9,552,0,0
5,1,3,1,1,28,4,81,15,0,3,553,1,1
5,0,3,1,1,20,37,223,24,1,6,554,0,2
5,1,3,0,1,17,8,149,49,0,5,555,1,2
5,0,3,2,1,13,9,188,3,-1,6,556,0,0
5,0,3,2,1,14,12,224,13,2,8,557,4,1
5,1,3,2,1,17,4,140,1,0,3,558,1,0
5,0,3,1,1,13,6,26,50,7,3,559,2,2
5,0,3,1,1,13,6,26,50,7,3,560,2,2
5,0,3,1,1,14,11,225,2,2,8,561,3,0
5,0,3,1,1,14,11,225,2,2,8,562,3,0
5,0,3,2,1,19,5,226,1,2,4,563,2,0
5,1,3,1,1,10,4,38,128,8,3,564,0,2
5,0,3,1,1,13,2,227,6,1,2,565,4,1
5,0,3,1,1,13,2,227,6,1,2,566,4,1
5,1,3,2,1,15,6,28,11,6,3,567,0,1
5,1,3,0,0,25,4,12,10,5,3,568,0,1
5,0,3,1,1,13,4,38,28,8,3,569,3,2
5,0,3,2,1,0,20,68,1,1,6,570,0,0
5,1,3,1,1,15,38,228,3,2,1,571,0,0
5,0,3,1,1,12,4,61,1,0,3,572,0,0
5,0,3,1,1,12,4,61,1,0,3,573,0,0
5,1,3,1,1,16,2,32,1,4,2,574,3,0
5,0,3,1,1,0,4,38,5,8,3,575,3,0
5,0,3,1,1,0,2,25,10,2,2,576,2,1
5,1,3,1,1,10,13,30,15,1,9,577,2,1
5,1,3,2,1,23,25,229,1,0,6,578,2,0
5,0,3,1,1,13,2,50,77,4,2,579,4,2
5,0,3,1,1,13,2,50,77,4,2,580,4,2
5,0,3,1,1,13,11,43,26,1,8,581,4,2
5,1,3,1,1,3,4,230,0,1,3,582,2,0
5,1,3,0,0,3,4,231,0,1,3,583,2,0
5,0,3,1,1,9,5,232,1,0,4,584,2,0
5,1,3,0,0,15,17,233,0,4,6,585,4,0
5,1,3,0,0,15,17,233,0,4,6,586,4,0
5,1,3,0,0,15,17,234,0,4,6,587,4,0
5,1,3,2,1,23,25,229,3,4,6,588,2,0
5,1,3,1,1,10,0,44,3,6,0,589,4,0
5,0,3,1,1,9,5,9,10,0,4,590,5,1
5,0,3,1,1,9,5,9,10,0,4,591,5,1
5,0,3,1,1,9,5,9,25,0,4,592,5,2
5,1,3,0,0,16,2,25,0,2,2,593,4,0
5,0,3,2,1,14,2,24,48,1,2,594,2,2
5,0,3,1,1,13,6,26,5,7,3,595,1,0
5,1,3,1,1,17,8,149,6,0,5,596,4,1
5,1,3,1,1,17,8,149,6,0,5,597,4,1
5,0,3,1,1,14,2,24,3,1,2,598,4,0
5,0,3,1,1,13,2,191,6,4,2,599,2,1
5,0,3,1,1,14,4,12,0,5,3,600,2,0
5,0,3,1,1,14,4,12,0,5,3,601,2,0
5,0,3,1,1,10,4,235,0,6,3,602,1,0
5,0,3,3,2,14,4,38,1,8,3,603,1,0
5,1,3,1,1,18,6,236,0,6,3,604,1,0
5,0,3,1,1,14,4,12,3,5,3,605,6,0
5,0,3,1,1,13,2,32,3,4,2,606,2,0
5,0,3,1,1,20,2,40,29,0,2,607,0,2
5,1,3,2,1,28,6,158,5,6,3,608,3,0
5,0,3,1,1,9,5,100,14,0,4,609,3,1
5,1,3,0,0,5,5,9,26,0,4,610,3,2
5,0,3,1,1,31,30,185,26,0,6,611,3,2
6,1,3,2,1,1,9,237,10,1,6,612,4,1
5,0,3,2,1,3,5,238,12,0,4,613,4,1
5,0,3,2,1,13,2,50,7,4,2,614,0,1
5,0,3,2,1,0,1,3,10,0,1,615,0,1
5,0,3,1,1,9,2,50,1,4,2,616,3,0
5,0,3,1,1,9,2,50,1,4,2,617,3,0
5,0,3,2,1,9,2,40,57,1,2,618,4,2
5,0,3,2,1,13,14,37,4,0,10,619,0,0
5,1,3,2,1,5,13,48,45,0,9,620,4,2
5,0,3,0,1,9,4,156,78,1,3,621,1,2
5,0,3,0,1,9,4,156,89,1,3,622,1,2
5,0,3,1,1,9,4,81,41,0,3,623,4,2
5,1,3,2,1,5,1,220,4,1,1,624,1,0
5,1,3,2,1,5,1,220,4,1,1,625,1,0
5,0,3,2,1,9,10,73,6,0,7,626,4,1
5,1,3,0,0,5,4,51,24,0,3,627,4,2
5,1,3,0,0,1,4,12,24,0,3,628,3,2
5,1,3,0,0,1,4,12,24,0,3,629,3,2
5,1,3,2,1,23,22,239,0,2,6,630,0,0
5,1,3,0,0,17,5,134,1,0,4,631,0,0
5,0,3,2,1,9,2,40,29,1,2,632,0,2
5,1,3,2,1,5,4,240,24,0,3,633,0,2
5,0,3,1,1,12,2,241,70,2,2,634,3,2
5,1,3,0,0,5,13,48,13,0,9,635,3,1
5,1,3,0,0,5,13,48,24,0,9,636,4,2
5,0,3,2,1,20,2,40,2,0,2,637,2,0
5,0,3,1,1,20,5,100,18,0,4,638,0,2
5,0,3,1,1,9,5,34,40,0,4,639,3,2
5,0,3,1,1,9,8,153,28,0,5,640,1,2
5,0,3,1,1,14,4,12,81,5,3,641,0,2
5,1,3,0,0,17,4,12,3,5,3,642,5,0
5,1,3,1,1,23,34,242,7,2,3,643,2,1
5,1,3,2,1,28,12,218,6,2,8,644,1,1
5,1,3,1,1,16,2,32,1,4,2,645,0,0
5,0,3,2,1,0,0,44,14,6,0,646,1,1
5,0,3,2,1,0,0,44,14,6,0,647,1,1
5,1,3,1,1,15,39,243,2,2,4,648,3,0
5,0,3,2,1,0,5,22,6,0,4,649,2,1
5,0,3,1,1,13,4,61,1,0,3,650,3,0
5,0,3,1,1,13,4,61,1,0,3,651,3,0
5,1,3,1,1,15,6,244,17,7,3,652,0,2
5,0,3,1,1,0,12,47,18,0,8,653,1,2
5,1,3,1,1,18,8,36,58,0,5,654,3,2
5,1,3,1,1,18,8,36,58,0,5,655,3,2
5,0,3,2,1,13,6,26,2,7,3,656,2,0
5,0,3,2,1,14,6,16,14,6,3,657,2,1
5,0,3,1,1,0,13,245,7,4,9,658,2,1
5,0,3,1,1,13,2,32,26,4,2,659,1,2
5,0,3,1,1,0,2,246,30,10,2,660,3,2
5,1,3,1,1,10,4,12,134,5,3,661,3,2
5,1,3,1,1,16,0,0,15,0,0,662,2,1
5,0,3,1,1,14,2,25,2,2,2,663,2,0
5,1,3,0,1,15,40,247,39,4,16,664,0,2
5,1,3,1,1,17,8,248,13,0,5,665,3,1
5,0,3,1,1,13,2,32,50,4,2,666,2,2
5,1,3,1,1,17,8,248,0,0,5,667,0,0
5,1,3,1,1,1,22,185,45,0,6,668,0,2
5,0,3,0,0,20,5,232,35,0,4,669,1,2
5,0,3,2,1,20,17,249,12,4,6,670,4,1
5,0,3,2,1,20,2,40,1,1,2,671,1,0
5,1,3,1,1,23,36,250,16,4,15,672,2,2
5,0,3,1,1,13,4,61,6,0,3,673,4,1
5,0,3,1,1,13,0,14,1,0,0,674,1,0
5,0,3,2,2,9,2,41,26,3,2,675,1,2
5,0,3,1,1,9,4,240,63,0,3,676,1,2
5,0,3,2,1,9,6,105,5,6,3,677,1,0
5,0,3,1,1,9,2,6,24,4,2,678,2,2
5,1,3,1,1,17,6,16,2,6,3,679,3,0
5,0,3,1,1,13,11,43,2,0,8,680,3,0
5,0,3,1,1,13,11,43,2,0,8,681,3,0
5,1,3,1,1,34,25,251,2,1,6,682,2,0
5,1,3,1,1,34,25,251,2,1,6,683,2,0
5,0,3,2,1,13,6,97,33,8,3,684,1,2
5,0,3,1,1,10,6,16,24,6,3,685,0,2
5,0,3,1,1,0,6,252,2,6,3,686,2,0
5,1,3,2,1,1,4,253,33,0,3,687,6,2
5,0,3,2,1,13,2,24,1,1,2,688,1,0
5,1,3,1,1,16,2,32,0,4,2,689,2,0
5,0,3,1,1,13,5,134,1,0,4,690,2,0
5,0,3,1,1,13,5,134,3,1,4,691,2,0
5,0,3,1,1,10,2,24,1,1,2,692,2,0
5,0,3,2,1,13,4,38,14,8,3,693,3,1
5,0,3,1,1,20,5,123,33,0,4,694,1,2
5,0,3,1,1,20,2,6,12,4,2,695,1,1
5,0,3,1,1,20,4,254,33,9,3,696,4,2
5,0,3,1,0,20,1,122,2,0,1,697,2,0
5,0,3,1,1,20,4,210,25,10,3,698,1,2
5,1,3,0,0,23,11,255,0,2,8,699,2,0
5,1,3,1,1,25,4,210,39,0,3,700,5,2
5,0,3,1,1,9,26,99,2,0,10,701,3,0
5,0,3,2,1,9,2,41,25,9,2,702,0,2
5,1,3,0,0,15,12,256,0,2,8,703,3,0
5,0,3,2,1,0,5,123,1,0,4,704,3,0
5,0,3,2,1,13,14,37,1,0,10,705,3,0
5,0,3,1,1,10,0,44,7,6,0,706,1,1
5,0,3,2,1,13,14,37,1,0,10,707,1,0
5,0,3,2,1,13,5,22,13,1,4,708,3,1
5,1,3,2,1,17,11,35,1,0,8,709,3,0
5,0,3,1,1,0,4,61,0,0,3,710,0,0
5,1,3,0,0,17,4,12,2,5,3,711,3,0
5,1,3,2,1,18,4,63,15,0,3,712,2,1
5,0,3,1,1,13,27,111,4,1,3,713,1,0
5,1,3,1,1,10,6,257,55,4,3,714,2,2
5,1,3,1,1,16,4,12,14,0,3,715,4,1
5,0,3,1,1,13,2,32,1,4,2,716,2,0
5,0,3,1,1,13,4,38,78,8,3,717,3,2
5,0,3,1,1,13,4,38,78,8,3,718,3,2
5,0,3,1,1,13,2,32,29,4,2,719,0,2
5,0,3,2,1,14,12,178,8,2,8,720,1,1
5,0,3,2,1,14,12,178,8,2,8,721,1,1
5,0,3,2,1,13,5,22,8,0,4,722,2,1
5,0,3,2,1,13,5,22,8,0,4,723,2,1
5,0,3,1,1,13,2,32,41,4,2,724,2,2
5,1,3,1,1,11,4,12,91,5,3,725,4,2
5,1,3,1,1,18,5,34,15,0,4,726,3,1
5,0,3,1,1,13,6,28,55,6,3,727,3,2
5,1,3,1,1,35,5,31,1,0,4,728,0,0
5,1,3,1,1,15,4,258,1,0,3,729,3,0
5,0,3,1,1,13,2,32,4,4,2,730,0,0
5,0,3,1,1,13,2,32,4,4,2,731,0,0
5,0,3,2,1,13,17,58,16,2,6,732,0,2
5,0,3,2,1,13,6,97,29,8,3,733,0,2
5,0,3,1,1,13,22,259,2,1,6,734,0,0
5,0,3,2,1,0,4,260,1,0,3,735,3,0
5,0,3,2,1,13,4,51,3,1,3,736,4,0
5,0,3,2,1,0,2,77,39,4,2,737,1,2
5,0,3,1,1,13,21,69,42,0,3,738,1,2
5,0,3,1,1,13,4,61,8,0,3,739,3,1
5,0,3,2,1,0,6,55,1,4,3,740,3,0
5,0,3,1,1,0,37,261,4,1,6,741,1,0
5,1,3,1,1,16,2,32,0,4,2,742,1,0
5,1,3,1,1,16,2,32,0,4,2,743,1,0
5,1,3,1,1,16,2,32,0,4,2,744,1,0
5,0,3,1,1,13,4,12,19,5,3,745,4,2
5,1,3,2,1,1,5,262,1,0,4,746,1,0
5,0,3,1,1,14,4,12,57,5,3,747,0,2
5,0,3,1,1,0,6,55,28,4,3,748,4,2
5,0,3,1,1,0,6,55,28,4,3,749,4,2
5,0,3,1,1,14,6,263,0,2,3,750,2,0
5,1,3,0,0,10,4,12,124,5,3,751,6,2
5,1,3,0,0,10,4,12,124,5,3,752,6,2
5,1,3,0,0,10,4,12,124,5,3,753,6,2
5,1,3,0,0,10,4,12,124,5,3,754,6,2
5,1,3,2,1,15,22,264,17,2,6,755,2,2
5,0,3,1,1,0,6,265,29,1,3,756,0,2
5,0,3,1,1,14,2,24,13,1,2,757,1,1
5,0,3,2,1,13,5,266,3,0,4,758,6,0
5,1,3,2,1,1,4,126,5,0,3,759,6,0
5,1,3,2,1,1,4,126,5,0,3,760,6,0
5,0,3,1,1,0,6,55,20,4,3,761,1,2
5,1,3,0,0,10,4,12,10,5,3,762,6,1
5,0,3,1,1,14,6,267,1,2,3,763,1,0
5,0,3,2,1,13,5,268,3,4,4,764,4,0
5,0,3,1,1,14,2,24,1,1,2,765,1,0
5,0,3,2,1,0,1,3,0,0,1,766,3,0
5,0,3,1,1,9,4,38,24,8,3,767,2,2
5,0,3,2,1,2,10,109,6,1,7,768,4,1
5,0,3,1,1,9,4,38,29,8,3,769,2,2
5,0,3,2,1,9,5,34,12,0,4,770,1,1
5,0,3,2,1,2,2,41,4,2,2,771,4,0
5,0,3,2,1,2,2,41,4,2,2,772,4,0
5,1,3,2,1,5,2,40,1,0,2,773,2,0
5,0,3,1,1,9,6,269,67,4,3,774,0,2
5,0,3,2,1,2,17,270,1,0,6,775,2,0
5,0,3,2,1,0,19,65,12,0,5,776,2,1
5,1,3,2,1,15,4,101,0,1,3,777,2,0
5,0,3,2,1,13,5,22,3,0,4,778,6,0
5,0,3,2,1,13,6,141,11,4,3,779,1,1
5,0,3,1,1,10,6,26,1,7,3,780,3,0
5,0,3,1,1,13,6,271,18,6,3,781,0,2
5,1,3,2,1,17,8,248,17,0,5,782,2,2
5,1,3,2,1,17,8,248,17,0,5,783,2,2
5,0,3,1,1,0,8,135,22,0,5,784,3,2
5,1,3,1,1,16,2,32,17,4,2,785,0,2
5,1,3,2,1,16,18,272,51,1,4,786,3,2
5,0,3,1,1,13,4,12,175,5,3,787,2,2
5,0,3,2,1,0,4,38,5,8,3,788,4,0
5,0,3,1,1,0,19,65,9,0,5,789,3,1
5,0,3,1,1,0,19,65,9,0,5,790,3,1
5,1,3,0,0,16,2,50,167,4,2,791,4,2
5,0,3,2,1,13,4,63,22,0,3,792,3,2
5,1,3,1,1,16,0,273,10,6,0,793,0,1
5,1,3,1,1,17,37,261,2,1,6,794,3,0
5,0,3,2,1,0,2,33,3,4,2,795,0,0
5,0,3,1,1,12,8,274,124,0,5,796,3,2
5,0,3,1,1,12,8,274,124,0,5,797,3,2
5,1,3,1,1,16,5,104,0,0,4,798,2,0
5,1,3,1,1,16,5,104,0,0,4,799,2,0
5,0,3,1,1,13,4,61,10,0,3,800,0,1
5,0,3,1,1,14,5,134,3,0,4,801,0,0
5,0,3,1,1,13,8,135,4,0,5,802,0,0
5,0,3,1,1,14,4,12,18,5,3,803,0,2
5,1,3,1,1,17,8,248,17,0,5,804,0,2
5,0,3,1,1,13,2,32,50,4,2,805,0,2
5,0,3,2,1,13,4,275,14,4,3,806,0,1
5,0,3,2,1,9,2,25,7,2,2,807,2,1
5,0,3,2,1,13,5,276,16,0,4,808,0,2
5,0,3,2,1,13,5,276,16,0,4,809,0,2
5,1,3,0,0,18,4,51,28,0,3,810,0,2
5,0,3,1,1,14,4,38,4,8,3,811,1,0
5,0,3,2,1,9,8,277,30,0,5,812,3,2
5,0,3,2,1,9,2,50,2,4,2,813,2,0
5,0,3,1,1,13,2,24,11,1,2,814,2,1
5,1,3,0,1,36,22,185,19,1,6,815,3,2
5,0,3,1,1,0,32,148,15,0,14,816,3,1
5,0,3,1,1,9,2,50,92,4,2,817,1,2
5,0,3,2,1,13,1,3,9,0,1,818,2,1
5,1,3,2,1,5,5,278,6,0,4,819,3,1
5,0,3,1,1,12,11,279,84,7,8,820,2,2
5,0,3,2,1,0,38,280,80,2,1,821,4,2
5,0,3,0,0,0,2,77,125,4,2,822,1,2
5,0,3,0,0,0,2,77,125,4,2,823,1,2
5,1,3,2,1,17,11,281,0,0,8,824,0,0
5,1,3,1,1,15,38,282,25,2,1,825,0,2
5,0,3,1,1,14,2,25,15,2,2,826,0,1
5,0,3,1,1,13,2,246,98,2,2,827,3,2
5,0,3,1,0,9,5,116,1,1,4,828,1,0
5,0,3,1,1,27,2,25,21,2,2,829,0,2
5,0,3,0,0,9,2,41,12,3,2,830,3,1
5,0,3,2,1,20,8,283,6,0,5,831,3,1
5,0,3,1,1,20,2,32,26,4,2,832,1,2
5,0,3,1,1,20,5,34,28,0,4,833,1,2
5,0,3,1,1,2,0,14,81,4,0,834,4,2
5,0,3,2,1,9,2,50,3,4,2,835,4,0
5,1,3,1,1,23,4,284,3,6,3,836,4,0
5,0,3,2,1,9,2,54,10,4,2,837,0,1
5,0,3,1,1,9,2,50,68,4,2,838,4,2
5,0,3,2,1,9,2,6,36,4,2,839,0,2
5,0,3,2,1,9,2,6,58,4,2,840,0,2
5,0,3,1,1,13,5,22,18,1,4,841,0,2
5,0,3,1,1,13,5,22,18,1,4,842,0,2
5,1,3,1,1,17,2,77,63,4,2,843,3,2
5,0,3,1,1,13,26,285,7,7,10,844,1,1
5,0,3,1,1,19,6,286,3,7,3,845,4,0
5,0,3,1,1,19,6,286,3,7,3,846,4,0
5,0,3,1,1,0,2,32,3,4,2,847,4,0
5,0,3,1,1,13,5,287,1,0,4,848,1,0
5,1,3,2,1,15,2,77,9,0,2,849,3,1
5,0,3,2,1,13,12,288,25,0,8,850,1,2
5,0,3,2,1,19,12,289,14,2,8,851,1,1
5,1,3,1,1,10,8,248,14,0,5,852,1,1
5,0,3,1,1,14,6,28,29,6,3,853,3,2
5,1,3,1,1,17,6,165,4,0,3,854,1,0
5,1,3,1,1,17,6,165,4,0,3,855,1,0
5,0,3,2,1,1,12,224,32,2,8,856,1,2
5,0,3,2,1,13,4,258,93,0,3,857,0,2
5,0,3,2,1,10,41,290,1,2,6,858,3,0
5,0,3,2,1,10,41,291,2,2,6,859,3,0
5,0,3,1,1,27,4,38,23,8,3,860,0,2
5,0,3,1,1,9,2,54,64,4,2,861,1,2
5,0,3,1,1,2,2,6,101,4,2,862,4,2
5,0,3,3,2,27,2,292,20,2,2,863,2,2
6,0,3,1,1,31,30,185,26,0,6,864,3,2
5,0,3,2,1,0,13,30,0,1,9,865,2,0
5,0,3,1,1,13,17,58,13,1,6,866,1,1
5,1,3,0,0,24,12,224,25,2,8,867,1,2
5,1,3,1,1,15,21,187,1,1,3,868,0,0
5,1,3,1,1,15,21,187,1,1,3,869,0,0
5,0,3,2,1,14,6,16,1,6,3,870,2,0
5,0,3,1,1,13,2,24,2,1,2,871,0,0
5,1,3,2,1,10,12,293,0,0,8,872,1,0
5,0,3,1,1,14,6,252,33,6,3,873,1,2
5,0,3,1,1,10,18,294,1,2,4,874,0,0
5,0,3,1,1,14,6,217,1,2,3,875,2,0
5,0,3,1,1,0,4,12,29,5,3,876,0,2
5,0,3,1,1,13,4,38,2,8,3,877,0,0
5,0,3,2,1,14,42,295,1,2,17,878,2,0
5,0,3,2,1,14,42,295,1,2,17,879,2,0
5,1,3,2,1,15,15,296,58,2,7,880,0,2
5,0,3,2,1,14,5,22,15,5,4,881,0,1
5,0,3,1,1,13,5,110,101,0,4,882,0,2
5,0,3,1,1,13,11,205,106,0,8,883,2,2
5,1,3,1,1,1,5,160,62,0,4,884,4,2
5,0,3,1,1,13,11,205,17,0,8,885,2,2
5,0,3,0,1,13,5,22,125,1,4,886,3,2
5,0,3,2,1,13,10,79,58,0,7,887,0,2
5,0,3,1,1,13,2,77,114,4,2,888,2,2
5,0,3,2,1,10,2,54,34,4,2,889,4,2
5,0,3,2,1,14,5,34,7,0,4,890,4,1
5,0,3,2,1,13,5,297,8,0,4,891,1,1
5,0,3,2,1,13,5,297,40,0,4,892,1,2
5,0,3,1,1,13,6,75,63,2,3,893,1,2
5,0,3,1,1,13,4,12,41,0,3,894,4,2
5,0,3,1,1,13,4,12,41,0,3,895,4,2
5,1,3,2,1,16,15,133,44,2,7,896,0,2
5,0,3,1,1,0,17,298,156,2,6,897,0,2
5,0,3,1,1,13,2,54,63,4,2,898,3,2
5,0,3,1,1,13,2,54,63,4,2,899,3,2
5,0,3,2,1,0,5,22,11,0,4,900,6,1
5,0,3,2,1,0,4,299,28,6,3,901,0,2
5,0,3,2,1,13,2,54,4,4,2,902,4,0
5,0,3,1,1,0,1,3,5,0,1,903,1,0
5,0,3,1,1,13,10,79,6,0,7,904,3,1
5,0,3,2,1,13,4,70,0,0,3,905,2,0
5,0,3,2,1,19,10,136,2,0,7,906,0,0
5,0,3,1,1,13,2,227,53,1,2,907,1,2
5,0,3,2,1,13,11,43,8,0,8,908,0,1
5,0,3,2,1,13,6,75,38,2,3,909,0,2
5,0,3,2,1,0,22,300,7,4,6,910,1,1
5,1,3,0,0,16,10,301,15,0,7,911,1,1
5,0,3,1,1,12,4,302,8,7,3,912,1,1
5,0,3,2,1,14,2,77,19,4,2,913,3,2
5,0,3,1,1,13,4,38,103,8,3,914,3,2
5,1,3,1,0,15,6,303,10,5,3,915,4,1
5,0,3,2,1,13,27,111,10,4,3,916,2,1
5,0,3,1,1,14,4,12,13,5,3,917,3,1
5,0,3,1,1,0,4,38,11,8,3,918,1,1
5,0,3,1,1,0,4,38,11,8,3,919,1,1
5,0,3,2,1,13,2,8,50,2,2,920,1,2
5,0,3,1,1,0,11,304,69,2,8,921,3,2
5,0,3,2,1,13,5,22,6,0,4,922,3,1
5,0,3,2,1,0,1,3,1,0,1,923,3,0
5,0,3,2,1,20,2,305,1,9,2,924,0,0
5,0,3,2,1,13,5,22,8,1,4,925,2,1
5,0,3,2,1,13,4,38,112,8,3,926,2,2
5,0,3,1,1,0,13,306,119,4,9,927,2,2
5,0,3,2,1,13,12,289,6,4,8,928,3,1
5,0,3,2,1,19,13,76,2,1,9,929,0,0
5,0,3,1,1,13,2,191,0,4,2,930,0,0
5,0,3,1,1,13,12,307,8,2,8,931,0,1
5,0,3,2,1,0,5,104,1,0,4,932,0,0
5,1,3,1,1,16,4,12,11,0,3,933,0,1
5,1,3,1,1,16,4,12,11,0,3,934,0,1
5,0,3,1,1,0,11,43,0,1,8,935,0,0
5,1,3,1,1,16,6,252,2,6,3,936,0,0
5,0,3,1,1,0,6,55,9,4,3,937,0,1
5,0,3,2,1,13,6,16,6,6,3,938,2,1
5,0,3,2,1,13,6,16,6,6,3,939,2,1
5,0,3,1,1,0,27,308,4,0,3,940,4,0
5,0,3,0,0,13,0,309,3,1,0,941,0,0
5,0,3,2,1,9,6,310,5,7,3,942,1,0
5,0,3,2,1,27,4,114,15,0,3,943,2,1
5,0,3,2,1,27,4,114,15,0,3,944,2,1
5,0,3,1,1,13,5,134,0,0,4,945,2,0
5,0,3,2,1,0,2,25,44,2,2,946,2,2
5,1,3,1,1,1,9,237,6,1,6,947,2,1
5,0,3,1,1,14,4,12,0,5,3,948,4,0
5,0,3,2,1,13,10,311,12,1,7,949,3,1
5,0,3,2,1,14,2,24,6,1,2,950,1,1
5,0,3,2,1,0,4,63,1,0,3,951,2,0
5,1,3,1,1,17,4,12,4,5,3,952,0,0
5,0,3,0,0,14,6,55,127,4,3,953,2,2
5,0,3,1,1,0,43,312,2,2,3,954,3,0
5,1,3,1,1,17,6,190,6,0,3,955,1,1
5,1,3,1,1,17,22,313,5,2,6,956,1,0
5,1,3,0,1,1,0,314,37,0,0,957,3,2
5,1,3,1,1,16,2,32,1,4,2,958,0,0
5,1,3,1,1,16,2,32,1,4,2,959,0,0
5,1,3,1,1,17,2,32,1,4,2,960,0,0
5,1,3,2,1,18,11,35,1,0,8,961,0,0
5,0,3,2,1,13,6,55,13,4,3,962,4,1
5,0,3,1,1,13,6,16,14,6,3,963,0,1
5,0,3,1,1,13,6,16,57,6,3,964,0,2
5,0,3,1,1,13,6,16,57,6,3,965,0,2
5,0,3,2,1,14,2,32,0,4,2,966,1,0
5,0,3,2,1,14,30,68,6,1,6,967,4,1
5,0,3,2,1,14,30,68,6,1,6,968,4,1
5,0,3,1,1,13,2,24,0,1,2,969,4,0
5,0,3,2,1,0,6,55,57,4,3,970,2,2
5,0,3,1,1,13,4,61,2,0,3,971,3,0
5,1,3,1,1,17,6,315,5,6,3,972,4,0
5,1,3,1,1,17,2,32,1,4,2,973,0,0
5,0,3,2,1,14,6,28,2,2,3,974,2,0
6,0,3,1,1,10,18,294,1,2,4,975,0,0
6,1,3,2,1,15,15,296,58,2,7,976,0,2
5,0,3,2,1,10,17,270,3,1,6,977,4,0
5,0,3,2,1,0,30,68,0,1,6,978,4,0
5,0,3,1,1,14,4,12,20,0,3,979,1,2
5,0,3,1,1,14,4,12,20,0,3,980,1,2
5,1,3,0,0,5,1,316,27,0,1,981,4,2
5,1,3,0,0,5,1,316,27,0,1,982,4,2
5,0,3,1,1,9,2,6,89,4,2,983,4,2
5,1,3,2,1,1,4,317,1,1,3,984,3,0
5,0,3,2,1,9,2,41,12,3,2,985,4,1
5,0,3,2,1,9,2,41,12,3,2,986,4,1
5,1,3,2,1,1,9,237,0,1,6,987,1,0
5,0,3,2,1,9,10,318,13,0,7,988,4,1
5,0,3,2,1,2,8,283,6,0,5,989,1,1
5,0,3,2,1,2,8,283,6,0,5,990,1,1
5,1,3,0,0,28,4,51,32,0,3,991,4,2
5,1,3,0,0,5,33,168,11,0,12,992,1,1
5,0,3,2,1,13,6,26,2,7,3,993,0,0
5,1,3,1,1,11,4,12,16,5,3,994,2,2
5,0,3,1,1,14,5,319,139,2,4,995,3,2
5,0,3,2,1,13,4,275,0,4,3,996,3,0
5,0,3,1,1,13,12,320,39,4,8,997,0,2
5,0,3,1,1,13,2,25,0,2,2,998,2,0
5,0,3,1,1,0,20,68,18,1,6,999,0,2
5,0,3,2,1,0,5,22,3,1,4,1000,2,0
5,1,3,1,1,24,2,77,0,4,2,1001,3,0
5,0,3,2,1,12,4,275,0,1,3,1002,2,0
5,0,3,1,1,13,11,43,6,0,8,1003,2,1
5,0,3,1,1,10,5,321,23,2,4,1004,3,2
5,0,3,1,1,13,2,32,5,4,2,1005,3,0
5,0,3,1,1,13,2,32,5,4,2,1006,3,0
5,1,3,1,1,16,2,25,6,2,2,1007,3,1
5,0,3,1,1,0,2,77,33,4,2,1008,1,2
5,0,3,1,1,13,5,322,4,0,4,1009,1,0
5,1,3,2,1,17,6,190,1,0,3,1010,1,0
5,1,3,1,1,10,6,55,12,4,3,1011,4,1
5,0,3,2,1,12,10,323,0,0,7,1012,1,0
5,0,3,1,1,13,2,24,12,1,2,1013,1,1
5,0,3,2,1,13,1,3,4,0,1,1014,1,0
5,0,3,2,1,14,4,63,3,0,3,1015,5,0
5,0,3,2,1,13,2,25,6,2,2,1016,3,1
5,0,3,1,1,20,4,126,1,1,3,1017,1,0
5,0,3,1,1,20,4,126,1,1,3,1018,1,0
5,1,3,1,1,4,0,324,3,0,0,1019,0,0
5,1,3,1,1,18,9,188,4,1,6,1020,0,0
5,0,3,1,1,13,4,70,60,0,3,1021,1,2
5,1,3,2,1,1,10,109,1,0,7,1022,5,0
5,1,3,0,0,28,0,44,7,6,0,1023,1,1
5,0,3,1,1,9,2,32,91,4,2,1024,1,2
5,0,3,0,0,9,2,50,105,4,2,1025,3,2
5,1,3,0,0,23,6,325,4,6,3,1026,4,0
5,1,3,1,1,17,4,61,3,0,3,1027,0,0
5,1,3,1,1,17,4,61,3,0,3,1028,0,0
5,0,3,1,1,13,11,205,0,0,8,1029,4,0
5,0,3,2,1,12,10,326,2,0,7,1030,0,0
5,1,3,1,1,17,8,248,4,0,5,1031,0,0
5,1,3,0,0,15,4,327,0,0,3,1032,2,0
5,1,3,2,1,10,1,328,1,0,1,1033,5,0
5,1,3,2,1,10,1,328,1,0,1,1034,5,0
5,0,3,1,1,0,1,3,14,0,1,1035,4,1
5,0,3,1,1,13,2,54,80,4,2,1036,0,2
5,1,3,1,1,17,4,81,3,0,3,1037,0,0
5,0,3,2,1,13,5,9,35,0,4,1038,0,2
5,0,3,1,1,13,6,55,13,2,3,1039,2,1
5,0,3,2,1,13,2,50,14,4,2,1040,2,1
5,0,3,1,1,13,2,32,2,4,2,1041,2,0
5,0,3,1,1,13,16,189,1,2,4,1042,3,0
5,0,3,2,1,13,4,38,9,8,3,1043,0,1
5,0,3,1,1,0,4,38,3,8,3,1044,2,0
5,0,3,1,1,0,13,76,2,1,9,1045,0,0
5,0,3,1,1,13,4,38,9,8,3,1046,3,1
5,0,3,1,1,14,10,329,13,5,7,1047,3,1
5,0,3,2,1,14,6,252,0,6,3,1048,3,0
5,0,3,1,1,13,12,293,2,0,8,1049,0,0
5,0,3,1,1,13,2,32,83,4,2,1050,1,2
5,0,3,1,1,0,4,38,92,8,3,1051,0,2
5,0,3,1,1,14,4,12,28,0,3,1052,3,2
5,0,3,2,1,14,6,129,0,5,3,1053,3,0
5,0,3,3,2,14,6,97,1,8,3,1054,3,0
5,0,3,1,1,14,4,12,0,5,3,1055,2,0
5,0,3,2,1,9,8,330,5,0,5,1056,1,0
5,0,3,2,1,2,2,41,19,2,2,1057,4,2
5,0,3,1,1,13,4,38,7,8,3,1058,0,1
5,1,3,2,1,5,8,331,0,0,5,1059,1,0
5,1,3,2,1,5,8,331,0,0,5,1060,1,0
5,1,3,0,1,17,4,61,4,0,3,1061,0,0
5,0,3,1,1,14,2,25,5,2,2,1062,1,0
5,0,3,1,1,0,4,12,11,5,3,1063,5,1
5,0,3,2,1,13,12,289,7,4,8,1064,3,1
5,0,3,2,1,19,10,136,9,0,7,1065,3,1
5,0,3,1,1,10,5,195,5,1,4,1066,3,0
5,0,3,1,1,13,2,32,34,4,2,1067,1,2
5,0,3,1,1,0,32,148,10,0,14,1068,2,1
5,0,3,1,1,12,0,139,13,1,0,1069,1,1
5,0,3,2,1,13,10,301,7,0,7,1070,2,1
5,0,3,1,1,0,2,32,0,4,2,1071,4,0
5,1,3,1,1,17,44,332,17,2,18,1072,0,2
5,0,3,1,1,13,4,12,76,0,3,1073,1,2
5,0,3,2,1,13,22,333,13,4,6,1074,1,1
5,0,3,2,1,9,4,334,6,4,3,1075,4,1
5,0,3,1,1,13,6,335,6,8,3,1076,4,1
5,0,3,2,1,10,6,165,0,0,3,1077,2,0
5,0,3,1,1,13,12,320,0,4,8,1078,1,0
5,0,3,1,1,13,5,134,0,0,4,1079,4,0
5,0,3,1,1,13,2,32,6,4,2,1080,4,1
5,0,3,1,1,13,2,32,6,4,2,1081,4,1
5,0,3,2,1,2,5,336,2,0,4,1082,0,0
5,0,3,2,1,2,5,9,6,0,4,1083,2,1
5,0,3,2,1,9,2,6,36,4,2,1084,0,2
5,0,3,2,1,9,2,6,58,4,2,1085,0,2
5,0,3,2,1,9,2,40,28,1,2,1086,3,2
5,0,3,2,1,2,2,41,12,3,2,1087,3,1
5,0,3,1,1,0,12,21,0,1,8,1088,3,0
5,0,3,1,1,13,2,32,27,4,2,1089,4,2
5,0,3,2,1,13,2,50,15,4,2,1090,0,1
5,0,3,1,1,13,12,21,146,4,8,1091,2,2
5,0,3,1,1,13,23,216,96,1,11,1092,4,2
5,0,3,1,1,13,23,216,96,1,11,1093,4,2
5,0,3,2,1,13,2,54,5,4,2,1094,4,0
5,1,3,0,0,15,0,337,7,3,0,1095,3,1
5,0,3,1,1,9,4,38,3,8,3,1096,2,0
5,0,3,2,1,32,17,322,21,0,6,1097,0,2
5,0,3,1,1,9,4,338,24,0,3,1098,0,2
5,0,3,2,1,20,1,220,29,0,1,1099,0,2
5,0,3,2,1,20,4,240,5,0,3,1100,3,0
5,0,3,1,1,20,4,38,27,8,3,1101,2,2
5,0,3,2,1,14,4,63,1,0,3,1102,3,0
5,0,3,1,1,0,6,55,27,4,3,1103,1,2
5,1,3,1,1,17,6,190,2,0,3,1104,3,0
5,0,3,1,1,0,2,32,29,4,2,1105,2,2
5,0,3,2,1,19,5,184,0,0,4,1106,3,0
5,1,3,2,1,15,12,67,2,2,8,1107,3,0
5,1,3,2,1,25,27,152,18,1,3,1108,0,2
5,0,3,2,1,27,2,40,2,1,2,1109,0,0
5,1,3,2,1,15,15,339,30,2,7,1110,3,2
5,0,3,2,1,13,4,38,8,8,3,1111,2,1
5,1,3,0,1,1,10,340,66,3,7,1112,0,2
5,0,3,1,1,14,0,341,0,0,0,1113,0,0
5,1,3,2,1,1,5,262,1,0,4,1114,1,0
5,1,3,1,1,17,2,32,2,4,2,1115,0,0
5,0,3,2,1,14,6,97,64,8,3,1116,0,2
5,1,3,1,1,16,2,32,1,4,2,1117,0,0
5,1,3,1,1,10,4,12,0,5,3,1118,0,0
5,1,3,1,1,17,5,9,3,0,4,1119,4,0
5,0,3,2,1,13,5,342,1,0,4,1120,0,0
5,0,3,2,1,13,5,342,1,0,4,1121,0,0
5,1,3,2,1,15,5,34,2,1,4,1122,3,0
5,1,3,2,1,15,5,34,2,1,4,1123,3,0
5,1,3,2,1,15,5,34,2,0,4,1124,3,0
5,0,3,1,1,14,4,12,19,5,3,1125,1,2
5,1,3,1,1,18,6,190,1,0,3,1126,3,0
5,1,3,2,1,1,6,343,8,3,3,1127,0,1
5,1,3,1,1,18,5,9,4,1,4,1128,1,0
5,0,3,1,1,14,4,12,55,5,3,1129,1,2
5,1,3,1,1,17,5,9,3,0,4,1130,4,0
5,0,3,1,1,13,6,344,1,6,3,1131,3,0
5,1,3,1,1,16,6,213,0,6,3,1132,3,0
5,0,3,1,1,0,6,344,8,6,3,1133,2,1
5,0,3,1,1,14,4,12,0,5,3,1134,2,0
5,1,3,1,1,16,2,32,1,4,2,1135,0,0
5,1,3,1,1,16,2,32,1,4,2,1136,0,0
5,1,3,1,1,17,5,9,7,0,4,1137,0,1
5,0,3,1,1,14,4,12,50,5,3,1138,1,2
5,0,3,2,1,13,18,272,6,0,4,1139,1,1
5,0,3,2,1,13,2,77,94,4,2,1140,2,2
5,1,3,1,1,15,45,345,2,7,19,1141,3,0
5,0,3,2,1,9,2,41,2,3,2,1142,0,0
5,0,3,2,1,20,9,237,8,1,6,1143,1,1
5,1,3,1,1,23,1,89,10,0,1,1144,2,1
5,0,3,2,1,12,6,129,5,5,3,1145,0,0
5,0,3,2,1,0,20,68,9,1,6,1146,0,1
5,0,3,2,1,0,20,68,9,1,6,1147,0,1
5,0,3,1,1,13,11,43,1,0,8,1148,1,0
5,0,3,1,1,13,2,54,72,4,2,1149,2,2
5,1,3,0,0,15,17,346,3,5,6,1150,4,0
5,1,3,0,0,15,17,346,3,5,6,1151,4,0
5,0,3,1,1,13,15,159,66,4,7,1152,4,2
5,0,3,2,1,13,14,37,30,0,10,1153,2,2
5,0,3,2,1,13,14,37,30,0,10,1154,2,2
5,1,3,1,1,17,11,205,84,0,8,1155,1,2
5,0,3,1,1,0,0,14,23,1,0,1156,5,2
5,0,3,2,1,13,2,54,8,4,2,1157,2,1
5,0,3,1,1,13,6,75,162,2,3,1158,2,2
5,0,3,2,1,13,0,44,2,6,0,1159,2,0
5,1,3,1,0,17,9,237,17,0,6,1160,4,2
5,0,3,2,1,13,1,3,6,0,1,1161,1,1
5,1,3,1,1,1,6,347,0,4,3,1162,0,0
5,1,3,1,1,16,12,21,8,1,8,1163,1,1
5,0,3,2,1,13,5,297,8,0,4,1164,1,1
5,0,3,2,1,13,5,297,40,0,4,1165,1,2
5,1,3,2,1,15,6,348,0,6,3,1166,3,0
5,0,3,2,1,13,2,50,23,4,2,1167,0,2
5,0,3,2,1,13,6,55,9,4,3,1168,0,1
5,0,3,2,1,13,6,55,9,4,3,1169,0,1
5,0,3,1,1,13,0,349,91,0,0,1170,3,2
5,1,3,0,0,15,6,350,1,7,3,1171,0,0
5,1,3,1,1,10,6,16,75,6,3,1172,4,2
5,0,3,1,1,13,4,38,53,8,3,1173,1,2
5,1,3,2,1,18,4,63,2,0,3,1174,3,0
5,1,3,2,1,17,8,153,95,0,5,1175,0,2
5,0,3,2,1,13,5,78,23,0,4,1176,2,2
5,0,3,2,1,13,5,78,23,0,4,1177,2,2
5,1,3,1,0,15,2,33,13,4,2,1178,1,1
5,0,3,1,1,13,4,38,26,8,3,1179,3,2
5,1,3,1,0,18,2,25,49,2,2,1180,3,2
5,0,3,2,1,13,4,63,27,0,3,1181,1,2
5,1,3,1,1,1,5,195,53,1,4,1182,0,2
5,0,3,1,1,12,5,351,90,5,4,1183,3,2
5,1,3,1,1,17,4,12,1,5,3,1184,0,0
5,1,3,1,1,10,6,129,12,5,3,1185,3,1
5,1,3,2,1,15,22,264,14,2,6,1186,2,1
5,0,3,1,1,14,6,344,21,6,3,1187,1,2
5,0,3,1,1,14,2,24,0,1,2,1188,0,0
5,0,3,2,1,14,21,187,0,1,3,1189,0,0
5,0,3,2,1,13,22,352,7,4,6,1190,3,1
5,0,3,2,1,14,4,38,11,8,3,1191,1,1
5,0,3,1,1,13,5,353,108,2,4,1192,0,2
5,0,3,1,1,13,2,32,10,4,2,1193,0,1
5,0,3,1,1,13,6,335,7,8,3,1194,1,1
5,0,3,1,1,13,6,335,6,8,3,1195,1,1
5,1,3,1,1,17,12,293,0,0,8,1196,1,0
5,0,3,1,1,13,4,38,53,8,3,1197,1,2
5,0,3,1,1,13,0,14,108,0,0,1198,0,2
5,0,3,2,1,13,2,354,2,7,2,1199,0,0
5,1,3,0,0,15,19,355,0,3,5,1200,0,0
5,1,3,2,1,10,2,354,43,4,2,1201,1,2
5,0,3,2,1,13,2,77,57,4,2,1202,1,2
5,0,3,2,1,0,30,68,1,1,6,1203,1,0
5,0,3,2,1,13,4,38,2,8,3,1204,2,0
5,1,3,2,1,15,6,344,7,6,3,1205,2,1
5,0,3,2,1,13,12,293,8,0,8,1206,2,1
5,0,3,2,1,13,4,275,12,4,3,1207,4,1
5,0,3,1,1,14,10,329,1,5,7,1208,2,0
5,0,3,1,1,12,10,329,34,5,7,1209,2,2
5,0,3,1,1,0,6,356,18,7,3,1210,1,2
5,0,3,1,1,0,6,356,18,7,3,1211,1,2
5,0,3,1,1,14,0,349,77,5,0,1212,2,2
5,0,3,2,1,13,2,50,14,4,2,1213,2,1
5,1,3,1,1,18,6,28,17,6,3,1214,0,2
5,0,3,1,1,13,6,16,42,6,3,1215,3,2
5,0,3,1,1,13,2,32,65,4,2,1216,0,2
5,0,3,1,1,13,4,51,7,0,3,1217,4,1
5,0,3,1,1,13,6,16,43,6,3,1218,0,2
5,0,3,1,1,13,6,16,43,6,3,1219,0,2
5,0,3,1,1,13,2,77,51,4,2,1220,2,2
5,1,3,0,0,10,4,12,35,5,3,1221,4,2
5,0,3,2,2,13,2,77,20,4,2,1222,6,2
5,0,3,1,1,19,17,357,20,0,6,1223,4,2
5,0,3,1,1,2,0,1,29,0,0,1224,2,2
5,0,3,1,1,9,5,232,29,0,4,1225,3,2
5,0,3,1,1,2,2,41,0,3,2,1226,2,0
5,0,3,1,1,12,4,358,51,4,3,1227,2,2
5,0,3,2,1,9,4,38,14,8,3,1228,3,1
5,0,3,1,1,9,17,233,98,4,6,1229,0,2
5,0,3,2,1,0,5,22,3,0,4,1230,0,0
5,0,3,2,1,0,5,22,3,0,4,1231,0,0
5,0,3,1,1,13,6,55,30,4,3,1232,0,2
5,0,3,1,1,14,2,83,66,0,2,1233,0,2
5,0,3,1,1,14,2,83,66,0,2,1234,0,2
5,0,3,2,1,13,2,354,16,4,2,1235,0,2
5,0,3,1,1,10,4,70,4,0,3,1236,1,0
5,0,3,2,1,13,4,129,17,1,3,1237,0,2
5,0,3,2,1,13,6,26,24,7,3,1238,6,2
5,0,3,2,1,13,6,26,24,7,3,1239,6,2
5,1,3,2,1,17,4,63,27,0,3,1240,1,2
5,1,3,1,1,16,5,134,2,1,4,1241,2,0
5,1,3,1,1,16,5,134,2,1,4,1242,2,0
5,1,3,1,1,16,32,148,0,0,14,1243,3,0
5,1,3,2,1,16,5,22,51,0,4,1244,2,2
5,0,3,1,1,13,26,359,80,4,10,1245,2,2
5,0,3,1,1,13,26,359,80,4,10,1246,2,2
5,0,3,1,1,20,2,6,7,4,2,1247,0,1
5,1,3,1,1,23,14,360,16,5,10,1248,2,2
5,0,3,1,1,27,33,168,9,0,12,1249,2,1
5,1,3,0,0,28,6,158,3,6,3,1250,4,0
5,0,3,1,1,0,12,21,19,1,8,1251,1,2
5,0,3,1,1,13,2,24,12,1,2,1252,1,1
5,0,3,0,0,0,19,202,12,0,5,1253,1,1
5,0,3,2,1,14,2,24,0,1,2,1254,1,0
5,0,3,1,1,13,6,28,110,2,3,1255,3,2
5,0,3,1,1,14,11,361,7,2,8,1256,2,1
5,0,3,1,1,13,12,288,29,0,8,1257,2,2
5,1,3,1,1,18,5,362,54,0,4,1258,4,2
5,0,3,2,1,10,2,363,13,2,2,1259,3,1
5,0,3,1,1,13,2,50,112,4,2,1260,1,2
5,0,3,1,1,13,2,50,15,4,2,1261,2,1
5,0,3,2,1,14,15,364,8,2,7,1262,2,1
5,1,3,1,1,10,30,167,27,1,6,1263,2,2
5,0,3,2,1,13,2,54,37,4,2,1264,0,2
5,0,3,1,1,13,5,151,103,2,4,1265,3,2
5,1,3,1,1,18,4,12,27,5,3,1266,1,2
5,1,3,1,1,16,32,148,10,0,14,1267,4,1
5,0,3,1,1,0,26,359,7,2,10,1268,3,1
5,0,3,1,1,14,0,14,57,0,0,1269,3,2
5,0,3,1,1,13,0,14,57,0,0,1270,3,2
5,1,3,1,1,16,5,278,14,0,4,1271,1,1
5,1,3,2,1,17,11,35,9,0,8,1272,2,1
5,0,3,1,1,13,6,105,12,6,3,1273,4,1
5,0,3,2,1,13,5,23,13,0,4,1274,3,1
5,1,3,1,1,15,26,365,6,2,10,1275,1,1
5,0,3,1,1,13,2,366,22,2,2,1276,2,2
5,1,3,2,1,10,0,324,17,1,0,1277,6,2
5,1,3,2,1,15,5,34,2,1,4,1278,3,0
5,1,3,2,1,15,5,34,2,1,4,1279,3,0
5,1,3,2,1,15,5,34,2,0,4,1280,3,0
5,0,3,3,2,12,0,1,25,1,0,1281,1,2
5,0,3,2,1,13,2,50,5,4,2,1282,1,0
5,0,3,2,1,10,6,271,3,6,3,1283,0,0
5,0,3,2,1,10,6,271,3,6,3,1284,0,0
5,0,3,1,1,13,2,24,59,1,2,1285,0,2
5,1,3,0,0,15,2,367,0,4,2,1286,2,0
5,0,3,2,1,13,2,50,10,4,2,1287,2,1
5,0,3,1,1,14,12,67,0,2,8,1288,2,0
5,0,3,1,1,14,4,61,19,0,3,1289,6,2
5,0,3,2,1,13,2,50,5,4,2,1290,4,0
5,0,3,2,1,13,2,50,6,4,2,1291,4,1
5,0,3,2,1,0,6,55,5,4,3,1292,4,0
5,0,3,1,1,13,4,12,60,5,3,1293,5,2
5,0,3,2,1,13,11,43,9,0,8,1294,3,1
5,0,3,2,1,12,4,222,9,0,3,1295,3,1
5,0,3,2,1,13,8,368,65,4,5,1296,2,2
5,0,3,2,1,13,2,11,55,4,2,1297,2,2
5,1,3,1,0,17,4,38,10,8,3,1298,0,1
5,1,3,1,0,17,4,38,10,8,3,1299,0,1
5,0,3,1,1,13,21,187,3,1,3,1300,0,0
5,1,3,1,0,18,0,44,3,6,0,1301,2,0
5,1,3,0,0,16,8,153,68,1,5,1302,3,2
5,0,3,1,1,13,4,61,6,1,3,1303,3,1
5,0,3,1,1,13,4,61,6,1,3,1304,3,1
5,0,3,1,1,13,4,61,118,-1,3,1305,4,2
5,1,3,1,1,16,6,369,103,0,3,1306,3,2
5,1,3,1,1,16,6,369,103,0,3,1307,3,2
5,0,3,2,1,0,6,55,21,4,3,1308,2,2
5,1,3,0,0,15,32,370,5,3,14,1309,4,0
5,0,3,1,1,13,2,371,62,2,2,1310,4,2
5,1,3,1,1,18,6,269,6,7,3,1311,3,1
5,0,3,2,1,13,12,289,11,4,8,1312,4,1
5,0,3,2,1,13,16,189,6,2,4,1313,4,1
5,0,3,1,1,13,2,24,14,1,2,1314,4,1
5,0,3,1,1,14,5,372,101,0,4,1315,4,2
5,1,3,1,1,17,4,183,3,0,3,1316,0,0
5,0,3,1,1,0,4,61,27,1,3,1317,2,2
5,0,3,2,1,14,5,134,45,1,4,1318,2,2
5,1,3,0,0,3,4,12,15,0,3,1319,0,1
5,1,3,1,1,17,5,27,1,0,4,1320,3,0
5,0,3,1,1,13,2,191,61,4,2,1321,1,2
5,1,3,2,1,16,10,326,0,1,7,1322,2,0
5,0,3,1,1,0,6,267,8,2,3,1323,1,1
5,0,3,2,1,0,6,373,6,2,3,1324,3,1
5,1,3,1,1,10,4,12,0,5,3,1325,1,0
5,0,3,0,0,13,5,22,210,1,4,1326,2,2
5,0,3,1,1,12,5,374,1,5,4,1327,3,0
5,1,3,1,1,16,12,21,0,1,8,1328,0,0
5,1,3,1,1,16,6,55,84,4,3,1329,2,2
5,0,3,1,1,13,4,12,20,5,3,1330,4,2
5,1,3,1,1,17,4,12,20,5,3,1331,4,2
5,0,3,1,1,14,4,12,81,5,3,1332,4,2
5,0,3,1,1,13,2,32,22,4,2,1333,3,2
5,0,3,1,1,14,4,12,1,5,3,1334,1,0
5,1,3,0,0,3,4,12,1,5,3,1335,0,0
5,0,3,2,1,9,4,81,2,0,3,1336,0,0
5,0,3,1,1,20,20,68,12,1,6,1337,4,1
5,0,3,1,1,9,26,94,1,0,10,1338,2,0
5,0,3,2,1,2,26,94,8,0,10,1339,2,1
5,0,3,2,1,12,10,375,3,1,7,1340,2,0
5,0,3,2,1,13,5,132,3,0,4,1341,2,0
5,0,3,1,1,13,2,54,15,4,2,1342,2,1
5,0,3,1,1,13,2,54,15,4,2,1343,2,1
5,1,3,0,0,10,4,12,162,5,3,1344,1,2
5,0,3,1,1,14,6,347,91,4,3,1345,4,2
5,1,3,1,1,10,26,359,118,2,10,1346,2,2
5,1,3,1,1,16,32,148,6,0,14,1347,2,1
5,0,3,1,1,12,5,376,11,2,4,1348,1,1
5,1,3,2,1,1,5,262,1,0,4,1349,1,0
5,0,3,1,1,14,16,377,20,2,4,1350,1,2
5,1,3,1,1,16,5,134,3,1,4,1351,6,0
5,1,3,2,1,15,4,157,9,2,3,1352,2,1
5,0,3,2,1,20,4,38,11,8,3,1353,4,1
5,1,3,2,1,28,6,158,2,6,3,1354,3,0
5,1,3,0,0,23,4,114,6,0,3,1355,3,1
5,1,3,2,1,25,8,378,14,0,5,1356,2,1
5,1,3,1,1,15,6,356,0,7,3,1357,2,0
5,1,3,3,2,17,5,379,1,0,4,1358,0,0
5,0,3,1,1,0,4,70,1,0,3,1359,2,0
5,1,3,0,0,10,4,12,55,5,3,1360,3,2
5,0,3,2,1,14,2,24,1,1,2,1361,3,0
5,0,3,2,1,14,2,24,1,1,2,1362,3,0
5,1,3,1,0,15,2,33,8,4,2,1363,2,1
5,1,3,2,1,18,6,28,7,6,3,1364,3,1
5,1,3,2,1,18,6,28,7,6,3,1365,3,1
5,0,3,1,1,13,4,38,23,8,3,1366,3,2
5,0,3,1,1,13,4,38,23,8,3,1367,3,2
5,1,3,1,1,10,2,50,0,4,2,1368,3,0
5,1,3,1,1,10,2,50,0,4,2,1369,3,0
5,0,3,1,1,10,22,380,3,2,6,1370,4,0
5,1,3,1,1,11,6,252,27,6,3,1371,4,2
5,1,3,1,1,11,6,252,27,6,3,1372,4,2
5,1,3,1,1,11,5,82,30,4,4,1373,0,2
5,0,3,1,1,0,4,61,9,0,3,1374,0,1
5,1,3,1,1,17,2,381,57,2,2,1375,0,2
5,0,3,2,1,13,12,293,25,0,8,1376,4,2
5,0,3,2,1,14,12,293,5,5,8,1377,4,0
5,0,3,1,1,14,2,382,10,1,2,1378,2,1
5,1,3,1,1,18,4,38,35,8,3,1379,3,2
5,1,3,1,1,15,0,383,9,6,0,1380,0,1
5,0,3,1,1,13,0,384,6,0,0,1381,4,1
5,0,3,1,1,20,2,6,12,4,2,1382,1,1
5,0,3,1,1,27,4,38,1,8,3,1383,3,0
5,0,3,2,1,20,2,40,3,1,2,1384,0,0
5,0,3,1,1,9,5,385,14,6,4,1385,2,1
5,0,3,1,1,9,5,34,108,1,4,1386,2,2
5,0,3,2,1,9,1,3,1,0,1,1387,3,0
5,0,3,2,1,2,2,25,25,2,2,1388,1,2
5,0,3,2,1,0,1,3,1,0,1,1389,0,0
5,1,3,2,1,18,11,386,8,2,8,1390,3,1
5,1,3,1,1,1,11,387,28,0,8,1391,2,2
5,1,3,2,1,15,6,28,4,6,3,1392,1,0
5,0,3,2,1,13,12,289,28,7,8,1393,0,2
5,1,3,0,0,17,30,167,44,1,6,1394,0,2
5,0,3,2,1,13,2,54,2,4,2,1395,0,0
5,0,3,2,1,0,6,55,10,4,3,1396,2,1
5,0,3,2,1,0,6,55,10,4,3,1397,2,1
5,0,3,2,1,13,6,271,22,6,3,1398,1,2
5,0,3,1,1,13,5,39,60,1,4,1399,1,2
5,0,3,1,1,13,5,39,60,1,4,1400,1,2
5,0,3,1,1,14,42,295,30,2,17,1401,2,2
5,0,3,1,1,14,42,295,30,2,17,1402,2,2
5,0,3,2,1,0,8,153,28,1,5,1403,0,2
5,0,3,2,1,0,8,153,28,1,5,1404,0,2
5,1,3,1,0,15,2,388,4,6,2,1405,4,0
5,0,3,2,1,12,9,18,24,0,6,1406,2,2
5,0,3,0,0,12,5,376,92,2,4,1407,0,2
5,0,3,0,0,12,5,376,92,2,4,1408,0,2
5,0,3,2,1,9,2,41,3,3,2,1409,0,0
5,0,3,1,1,20,2,6,62,4,2,1410,4,2
5,0,3,1,1,13,2,246,93,2,2,1411,3,2
5,0,3,1,1,0,4,61,1,1,3,1412,0,0
5,1,3,1,1,15,8,124,60,0,5,1413,0,2
5,1,3,1,1,10,2,389,31,4,2,1414,2,2
5,0,3,1,1,0,6,252,1,6,3,1415,3,0
5,1,3,1,1,18,5,353,4,2,4,1416,1,0
5,0,3,1,1,13,2,32,12,4,2,1417,4,1
5,0,3,2,1,19,6,16,2,6,3,1418,0,0
5,0,3,1,1,13,2,32,3,4,2,1419,4,0
5,1,3,1,1,17,4,70,1,0,3,1420,3,0
5,1,3,1,1,17,4,70,1,0,3,1421,3,0
5,0,3,2,1,9,2,50,2,4,2,1422,2,0
5,0,3,1,1,9,4,57,93,0,3,1423,2,2
5,0,3,2,1,9,4,57,35,0,3,1424,2,2
5,0,3,2,1,9,4,57,52,0,3,1425,2,2
5,0,3,2,1,13,2,390,0,2,2,1426,2,0
5,0,3,2,1,2,2,41,1,3,2,1427,1,0
5,0,3,2,1,0,6,28,2,6,3,1428,2,0
5,0,3,1,1,14,6,186,3,7,3,1429,0,0
5,0,3,1,1,19,13,76,1,0,9,1430,0,0
5,1,3,1,1,11,4,12,239,5,3,1431,1,2
5,1,3,1,1,11,4,12,237,5,3,1432,1,2
5,1,3,1,1,18,6,16,0,6,3,1433,0,0
5,1,3,1,1,18,6,391,0,6,3,1434,0,0
5,1,3,1,1,15,31,392,0,3,13,1435,0,0
5,0,3,2,1,19,1,3,1,0,1,1436,0,0
5,0,3,2,1,13,5,393,6,0,4,1437,3,1
5,0,3,2,1,13,23,216,15,1,11,1438,2,1
5,0,3,2,1,13,30,68,1,1,6,1439,3,0
5,0,3,2,1,14,5,215,3,-1,4,1440,4,0
6,0,3,1,1,10,18,294,1,2,4,1441,0,0
6,1,3,2,1,15,15,296,58,2,7,1442,0,2
5,1,3,1,1,18,5,34,35,0,4,1443,0,2
5,0,3,1,1,14,4,38,10,8,3,1444,4,1
5,0,3,1,1,14,4,38,10,8,3,1445,4,1
5,1,3,0,0,16,4,12,0,0,3,1446,4,0
5,1,3,1,0,15,2,33,10,4,2,1447,2,1
5,0,3,2,1,14,15,394,1,2,7,1448,2,0
5,0,3,2,1,20,20,68,7,0,6,1449,0,1
5,1,3,2,1,15,5,124,5,2,4,1450,1,0
5,0,3,2,1,14,6,252,1,6,3,1451,0,0
5,0,3,2,1,9,2,41,14,9,2,1452,4,1
5,1,3,2,1,23,25,229,3,4,6,1453,4,0
5,0,3,2,1,9,46,395,2,1,1,1454,0,0
5,0,3,1,1,0,5,59,21,0,4,1455,0,2
5,1,3,0,0,17,13,48,21,0,9,1456,0,2
5,1,3,0,0,17,13,48,21,0,9,1457,0,2
5,1,3,0,0,18,0,44,1,6,0,1458,3,0
5,1,3,0,0,18,0,44,1,6,0,1459,3,0
5,0,3,1,1,14,0,44,43,6,0,1460,0,2
5,0,3,1,1,13,5,396,101,2,4,1461,4,2
5,0,3,2,1,0,6,55,5,4,3,1462,4,0
5,0,3,1,1,10,16,189,50,2,4,1463,3,2
5,0,3,1,1,10,16,189,50,2,4,1464,3,2
5,0,3,2,1,14,18,272,11,0,4,1465,4,1
5,0,3,2,1,14,18,272,7,0,4,1466,3,1
5,0,3,2,1,0,18,272,7,0,4,1467,3,1
5,0,3,2,1,13,18,272,7,0,4,1468,3,1
5,0,3,2,1,13,18,272,7,0,4,1469,3,1
5,1,3,1,1,17,6,16,28,6,3,1470,1,2
5,1,3,1,1,17,6,16,28,6,3,1471,1,2
5,1,3,2,1,16,18,272,7,0,4,1472,3,1
5,0,3,2,1,13,18,272,7,0,4,1473,3,1
5,0,3,2,1,13,2,54,7,4,2,1474,2,1
5,0,3,2,1,13,5,397,8,0,4,1475,3,1
5,1,3,2,1,15,10,398,0,1,7,1476,0,0
5,0,3,1,1,14,0,44,38,6,0,1477,4,2
5,0,3,1,1,31,30,185,16,0,6,1478,2,2
5,0,3,1,1,0,4,38,62,8,3,1479,4,2
5,0,3,1,1,0,4,38,62,8,3,1480,4,2
5,1,3,0,1,17,38,399,69,10,1,1481,3,2
5,1,3,1,1,10,6,16,43,6,3,1482,3,2
5,1,3,1,1,10,6,16,43,6,3,1483,3,2
5,1,3,2,1,17,2,8,1,2,2,1484,2,0
5,1,3,1,1,17,4,70,3,0,3,1485,4,0
5,1,3,2,1,15,22,264,14,2,6,1486,2,1
5,0,3,1,1,13,18,272,41,0,4,1487,4,2
5,1,3,1,1,15,22,264,6,2,6,1488,4,1
5,0,3,1,1,13,6,55,5,4,3,1489,3,0
5,1,3,1,1,16,5,134,1,0,4,1490,1,0
5,1,3,1,1,17,4,12,10,5,3,1491,4,1
5,1,3,0,0,3,5,9,23,0,4,1492,3,2
5,0,3,1,1,3,16,400,0,2,4,1493,1,0
5,0,3,1,1,9,6,146,54,6,3,1494,1,2
5,1,3,2,1,1,4,317,1,1,3,1495,3,0
5,0,3,2,1,12,6,401,4,4,3,1496,0,0
5,1,3,2,1,23,9,402,8,4,6,1497,0,1
5,1,3,1,1,15,8,403,1,2,5,1498,3,0
5,1,3,1,1,15,8,403,1,2,5,1499,3,0
5,0,3,2,1,0,32,175,6,0,14,1500,3,1
5,0,3,1,1,12,5,404,1,1,4,1501,0,0
5,1,3,2,1,16,5,22,51,0,4,1502,2,2
5,1,3,1,1,16,13,76,3,1,9,1503,2,0
5,0,3,2,1,0,2,32,51,4,2,1504,0,2
5,0,3,2,1,0,2,32,15,4,2,1505,0,1
5,1,3,2,1,17,6,16,11,6,3,1506,4,1
5,0,3,2,1,12,10,136,2,0,7,1507,0,0
5,0,3,2,1,13,2,77,6,4,2,1508,3,1
5,0,3,1,1,10,6,315,1,6,3,1509,0,0
5,0,3,1,1,10,6,315,1,6,3,1510,0,0
5,1,3,2,1,17,11,35,4,0,8,1511,0,0
5,0,3,0,0,0,6,267,10,2,3,1512,2,1
5,1,3,0,0,16,2,77,117,4,2,1513,3,2
5,0,3,2,1,13,2,77,11,4,2,1514,1,1
5,1,3,1,1,16,8,149,7,0,5,1515,1,1
5,0,3,2,1,13,6,55,34,4,3,1516,4,2
5,0,3,2,1,13,2,54,3,4,2,1517,4,0
5,1,3,0,0,10,10,405,4,0,7,1518,5,0
5,0,3,1,1,13,8,368,2,4,5,1519,2,0
5,0,3,2,1,20,5,100,4,0,4,1520,0,0
5,0,3,1,1,20,5,34,13,0,4,1521,3,1
5,0,3,1,1,32,5,107,88,1,4,1522,1,2
5,0,3,2,1,9,2,41,12,3,2,1523,1,1
5,0,3,1,1,20,2,6,13,4,2,1524,2,1
5,0,3,1,1,20,5,34,1,1,4,1525,2,0
5,1,3,2,1,23,5,406,1,-1,4,1526,0,0
5,0,3,1,1,14,13,407,1,1,9,1527,2,0
5,1,3,1,1,17,2,32,1,4,2,1528,3,0
5,0,3,1,1,12,4,61,11,0,3,1529,4,1
5,0,3,1,1,13,2,191,56,4,2,1530,1,2
5,0,3,1,1,14,2,24,6,1,2,1531,4,1
5,1,3,2,1,15,6,186,2,7,3,1532,3,0
5,1,3,2,1,15,6,186,2,7,3,1533,3,0
5,0,3,2,1,14,1,3,0,1,1,1534,0,0
5,0,3,2,1,14,6,16,1,6,3,1535,3,0
5,1,3,1,1,16,12,21,1,1,8,1536,3,0
5,0,3,1,1,14,2,24,0,1,2,1537,0,0
5,0,3,1,1,13,6,16,35,6,3,1538,1,2
5,1,3,1,1,10,6,235,5,6,3,1539,1,0
5,1,3,1,1,10,6,235,5,6,3,1540,1,0
5,0,3,2,1,13,12,320,1,4,8,1541,1,0
5,0,3,1,1,14,6,28,7,2,3,1542,0,1
5,0,3,1,1,14,6,28,2,2,3,1543,0,0
5,0,3,1,1,14,4,12,34,0,3,1544,3,2
5,1,3,1,1,1,4,408,0,0,3,1545,4,0
5,1,3,0,0,1,4,409,8,4,3,1546,3,1
5,0,3,1,1,20,2,6,10,4,2,1547,2,1
5,0,3,2,1,12,10,136,1,0,7,1548,0,0
5,0,3,2,1,12,10,136,2,0,7,1549,0,0
5,0,3,1,1,13,6,186,21,7,3,1550,1,2
5,0,3,1,1,14,4,61,3,0,3,1551,4,0
5,0,3,2,1,13,1,3,0,0,1,1552,4,0
5,1,3,2,1,18,2,77,6,4,2,1553,4,1
5,0,3,1,1,10,17,298,35,2,6,1554,3,2
5,0,3,1,1,10,17,298,35,2,6,1555,3,2
5,1,3,2,1,17,5,410,5,1,4,1556,1,0
5,0,3,1,1,14,4,12,64,5,3,1557,2,2
5,0,3,1,1,14,4,12,9,5,3,1558,2,1
5,0,3,1,1,14,4,12,9,5,3,1559,2,1
5,0,3,1,1,14,4,12,182,5,3,1560,2,2
5,0,3,1,1,19,8,411,0,3,5,1561,4,0
5,0,3,1,1,14,2,24,0,1,2,1562,4,0
5,1,3,2,1,1,5,412,4,1,4,1563,1,0
5,1,3,0,0,23,25,86,2,4,6,1564,2,0
5,1,3,2,1,28,5,195,31,1,4,1565,4,2
5,0,3,1,1,12,4,413,27,0,3,1566,4,2
5,1,3,2,1,1,9,237,10,1,6,1567,4,1
5,1,3,1,1,1,4,222,8,0,3,1568,3,1
5,1,3,1,1,11,4,12,133,5,3,1569,2,2
5,1,3,1,1,18,4,51,14,0,3,1570,2,1
5,1,3,1,1,16,12,21,4,1,8,1571,4,0
5,1,3,1,1,16,12,21,4,1,8,1572,4,0
5,0,3,1,1,14,4,12,6,5,3,1573,4,1
5,0,3,1,1,14,4,12,6,5,3,1574,4,1
5,0,3,2,1,19,10,136,5,0,7,1575,4,0
5,0,3,2,1,13,1,3,8,0,1,1576,0,1
5,0,3,1,1,14,2,83,56,4,2,1577,1,2
5,0,3,1,1,10,13,71,47,1,9,1578,2,2
5,0,3,1,1,10,13,71,47,1,9,1579,2,2
5,0,3,2,1,13,4,63,13,0,3,1580,3,1
5,0,3,1,1,14,5,34,56,0,4,1581,3,2
5,0,3,1,1,14,5,34,56,0,4,1582,3,2
5,0,3,2,1,0,5,110,27,0,4,1583,1,2
5,0,3,1,1,13,4,12,32,5,3,1584,1,2
5,1,3,0,0,16,2,25,35,2,2,1585,0,2
5,0,3,1,1,13,4,38,14,8,3,1586,0,1
5,0,3,1,1,20,47,414,15,0,0,1587,1,1
5,0,3,1,1,13,2,24,4,1,2,1588,0,0
5,0,3,1,1,13,4,12,7,5,3,1589,1,1
5,1,3,1,1,16,2,32,0,4,2,1590,4,0
5,1,3,2,1,1,5,262,1,0,4,1591,1,0
5,1,3,1,1,10,2,32,6,4,2,1592,3,1
5,1,3,1,1,1,19,202,3,0,5,1593,0,0
5,0,3,1,1,13,6,16,6,6,3,1594,1,1
5,0,3,1,1,13,0,0,9,0,0,1595,2,1
5,0,3,1,1,13,5,22,86,0,4,1596,2,2
5,0,3,2,1,13,5,22,55,1,4,1597,2,2
5,0,3,1,1,13,11,415,21,0,8,1598,4,2
5,0,3,1,1,0,12,289,135,2,8,1599,2,2
5,0,3,1,1,0,12,289,135,2,8,1600,2,2
5,0,3,2,1,13,4,416,30,4,3,1601,0,2
5,0,3,1,1,13,2,54,61,4,2,1602,1,2
5,1,3,0,0,10,4,12,110,5,3,1603,1,2
5,1,3,0,0,10,4,12,14,5,3,1604,1,1
5,0,3,1,1,14,5,39,11,0,4,1605,0,1
5,1,3,0,0,15,2,40,21,1,2,1606,1,2
5,1,3,0,0,15,11,417,0,5,8,1607,1,0
5,0,3,1,1,13,0,418,25,0,0,1608,4,2
5,0,3,1,1,13,26,99,11,0,10,1609,0,1
5,1,3,2,1,16,5,419,1,6,4,1610,1,0
5,0,3,2,1,13,16,189,3,2,4,1611,2,0
5,0,3,2,1,13,6,75,38,2,3,1612,0,2
5,0,3,1,1,14,2,25,7,2,2,1613,2,1
5,0,3,1,1,14,2,25,7,2,2,1614,2,1
5,1,3,1,1,15,5,420,3,2,4,1615,2,0
5,1,3,1,1,15,5,421,0,2,4,1616,3,0
5,0,3,1,1,0,32,148,29,0,14,1617,5,2
5,0,3,2,1,9,2,41,9,2,2,1618,3,1
5,0,3,2,1,27,5,34,1,0,4,1619,0,0
5,1,3,1,1,28,19,422,38,1,5,1620,0,2
5,0,3,1,1,13,5,39,111,0,4,1621,4,2
5,0,3,1,1,0,0,349,110,5,0,1622,1,2
5,0,3,1,1,0,0,349,110,5,0,1623,1,2
5,0,3,2,1,12,4,129,14,0,3,1624,0,1
5,1,3,2,1,1,32,423,50,0,14,1625,0,2
5,0,3,2,1,14,4,63,61,0,3,1626,3,2
5,0,3,1,1,13,4,61,1,0,3,1627,3,0
5,1,3,1,1,37,2,50,5,2,2,1628,4,0
5,0,3,1,1,13,8,135,1,0,5,1629,3,0
5,0,3,1,1,13,2,24,61,1,2,1630,1,2
5,1,3,2,1,17,5,22,3,1,4,1631,4,0
5,1,3,1,1,18,4,222,84,0,3,1632,3,2
5,1,3,1,1,10,8,424,2,4,5,1633,3,0
5,1,3,1,1,15,2,108,62,2,2,1634,3,2
5,0,3,1,1,13,28,425,4,2,3,1635,1,0
5,0,3,1,1,10,27,308,6,0,3,1636,4,1
5,0,3,1,1,14,2,24,15,1,2,1637,3,1
5,0,3,1,1,20,2,6,12,4,2,1638,4,1
5,0,3,1,1,20,2,6,13,4,2,1639,4,1
5,0,3,1,1,20,4,38,7,8,3,1640,1,1
5,1,3,0,0,1,2,6,0,4,2,1641,4,0
5,0,3,2,1,13,6,75,38,2,3,1642,0,2
5,1,3,1,1,15,2,77,14,0,2,1643,0,1
5,1,3,1,1,15,2,77,14,1,2,1644,0,1
5,0,3,1,1,13,5,22,148,0,4,1645,0,2
5,0,3,2,1,14,12,218,9,2,8,1646,2,1
5,1,3,1,1,10,4,426,0,0,3,1647,2,0
5,0,3,2,1,13,10,136,4,0,7,1648,1,0
5,0,3,2,1,13,10,136,4,0,7,1649,1,0
5,0,3,2,1,20,10,136,12,0,7,1650,1,1
5,0,3,2,1,20,10,136,12,0,7,1651,1,1
5,0,3,2,1,19,10,136,11,0,7,1652,4,1
5,0,3,2,1,19,10,136,5,0,7,1653,1,0
5,0,3,2,1,13,15,427,5,4,7,1654,1,0
5,0,3,1,1,0,6,55,24,4,3,1655,0,2
5,0,3,1,1,0,4,61,0,1,3,1656,0,0
5,0,3,1,1,13,0,428,104,0,0,1657,1,2
5,0,3,1,1,10,4,12,92,5,3,1658,3,2
5,0,3,2,1,0,6,55,9,4,3,1659,2,1
5,0,3,1,1,0,17,357,37,8,6,1660,2,2
5,0,3,2,1,13,26,99,41,0,10,1661,1,2
5,1,3,1,1,16,2,32,4,4,2,1662,4,0
5,0,3,1,1,13,5,9,6,1,4,1663,4,1
5,1,3,1,1,17,4,12,3,5,3,1664,6,0
5,1,3,2,1,17,10,326,1,1,7,1665,5,0
5,1,3,2,1,17,10,326,1,1,7,1666,5,0
5,0,3,2,1,12,10,136,6,0,7,1667,1,1
5,0,3,2,1,12,10,136,5,0,7,1668,1,0
5,1,3,2,1,15,4,358,1,2,3,1669,1,0
5,0,3,1,1,9,5,9,92,1,4,1670,1,2
5,0,3,2,1,13,1,3,9,0,1,1671,2,1
5,0,3,2,1,13,1,3,9,0,1,1672,2,1
5,0,3,2,1,0,4,429,27,0,3,1673,3,2
5,0,3,2,1,0,4,429,27,0,3,1674,3,2
5,0,3,1,1,13,15,159,1,4,7,1675,2,0
5,1,3,1,1,18,9,188,14,1,6,1676,1,1
5,1,3,2,1,17,48,430,0,4,6,1677,0,0
5,0,3,1,1,13,0,14,5,1,0,1678,3,0
5,0,3,1,1,19,12,431,1,3,8,1679,3,0
5,0,3,1,1,19,12,431,1,3,8,1680,3,0
5,0,3,2,1,14,12,289,2,2,8,1681,3,0
5,0,3,2,1,13,17,270,1,1,6,1682,1,0
5,0,3,2,1,13,5,23,13,0,4,1683,4,1
5,0,3,2,1,10,16,189,10,2,4,1684,0,1
5,0,3,2,1,10,16,189,10,2,4,1685,0,1
5,1,3,2,1,5,8,36,9,0,5,1686,3,1
5,0,3,3,2,9,2,50,9,4,2,1687,2,1
5,0,3,1,1,12,2,241,70,2,2,1688,3,2
5,0,3,1,1,9,5,123,35,0,4,1689,2,2
5,0,3,1,1,9,5,9,47,0,4,1690,3,2
5,0,3,1,1,9,5,34,13,1,4,1691,3,1
5,0,3,2,1,3,6,158,5,6,3,1692,3,0
5,0,3,2,1,3,6,129,11,0,3,1693,1,1
5,0,3,1,1,9,11,35,26,1,8,1694,3,2
5,0,3,1,1,14,2,83,66,0,2,1695,0,2
5,0,3,1,1,14,2,83,66,0,2,1696,0,2
5,0,3,1,1,14,2,50,24,4,2,1697,0,2
5,0,3,1,1,13,2,24,102,1,2,1698,0,2
5,0,3,1,1,14,6,16,2,6,3,1699,0,0
5,0,3,1,1,13,17,211,31,-1,6,1700,0,2
5,0,3,1,1,0,13,48,24,1,9,1701,0,2
5,0,3,1,1,14,4,12,41,5,3,1702,2,2
5,0,3,1,1,14,4,12,41,5,3,1703,2,2
5,0,3,1,1,0,6,55,91,4,3,1704,4,2
5,0,3,2,1,13,1,3,69,1,1,1705,3,2
5,0,3,1,1,13,2,54,6,4,2,1706,1,1
5,0,3,1,1,13,5,100,32,0,4,1707,1,2
5,1,3,1,1,15,1,432,0,5,1,1708,0,0
5,0,3,2,1,13,2,29,32,4,2,1709,0,2
5,0,3,2,1,14,5,110,5,0,4,1710,4,0
5,0,3,2,1,14,5,110,5,0,4,1711,4,0
5,0,3,1,1,13,2,246,64,2,2,1712,0,2
5,1,3,1,1,16,12,21,1,1,8,1713,0,0
5,1,3,1,1,18,5,34,11,0,4,1714,4,1
5,0,3,2,1,19,10,136,3,0,7,1715,0,0
5,0,3,2,1,13,6,26,29,7,3,1716,3,2
5,0,3,2,1,20,4,126,0,1,3,1717,0,0
5,0,3,1,1,14,4,12,22,0,3,1718,2,2
5,0,3,1,1,0,2,191,21,4,2,1719,1,2
5,0,3,2,1,12,10,301,7,0,7,1720,1,1
5,0,3,2,1,12,5,433,20,2,4,1721,3,2
5,1,3,2,1,18,28,434,43,2,3,1722,3,2
5,0,3,2,1,0,12,293,12,0,8,1723,3,1
5,1,3,1,1,15,47,435,77,2,0,1724,2,2
5,0,3,2,1,0,13,76,0,1,9,1725,3,0
5,0,3,2,1,13,6,55,16,4,3,1726,3,2
5,0,3,1,1,0,33,168,12,0,12,1727,3,1
5,1,3,0,0,15,4,436,54,1,3,1728,4,2
5,1,3,0,0,15,4,436,54,1,3,1729,4,2
5,0,3,1,1,13,2,50,15,4,2,1730,0,1
5,0,3,1,1,27,2,40,2,1,2,1731,0,0
5,0,3,2,1,9,2,41,13,3,2,1732,4,1
5,0,3,2,1,9,2,41,28,3,2,1733,4,2
5,0,3,2,1,12,10,326,14,0,7,1734,1,1
5,0,3,1,1,13,2,24,98,1,2,1735,0,2
5,0,3,1,1,13,2,227,71,1,2,1736,2,2
5,0,3,1,1,13,2,227,71,1,2,1737,2,2
5,0,3,1,1,0,48,437,61,4,6,1738,1,2
5,0,3,2,1,13,4,438,15,0,3,1739,1,1
5,0,3,2,1,13,4,438,15,0,3,1740,1,1
5,0,3,2,1,0,1,3,5,0,1,1741,1,0
5,0,3,1,1,0,4,12,99,5,3,1742,0,2
5,0,3,1,1,0,4,12,99,5,3,1743,0,2
5,0,3,1,1,2,46,439,1,1,1,1744,3,0
5,0,3,1,1,9,2,50,63,4,2,1745,3,2
5,0,3,1,1,9,2,50,98,4,2,1746,3,2
5,0,3,2,1,9,5,232,14,0,4,1747,3,1
5,0,3,2,1,13,16,189,4,2,4,1748,0,0
5,0,3,2,1,13,5,104,8,0,4,1749,0,1
5,1,3,1,1,15,4,440,52,4,3,1750,2,2
5,1,3,1,1,16,2,32,8,4,2,1751,2,1
5,0,3,1,1,13,4,61,0,0,3,1752,0,0
5,0,3,2,1,13,10,441,0,5,7,1753,2,0
5,1,3,1,1,15,1,432,0,1,1,1754,1,0
5,1,3,1,1,15,4,442,0,1,3,1755,3,0
5,1,3,1,1,15,4,442,0,1,3,1756,3,0
5,0,3,1,1,13,2,54,50,4,2,1757,2,2
5,1,3,0,0,10,0,44,1,6,0,1758,1,0
5,0,3,1,1,9,4,57,93,0,3,1759,2,2
5,0,3,2,1,9,4,57,35,0,3,1760,2,2
5,0,3,2,1,9,4,57,52,0,3,1761,2,2
5,1,3,1,1,5,13,48,16,0,9,1762,2,2
5,1,3,2,1,1,9,237,0,1,6,1763,0,0
5,0,3,2,1,9,2,41,3,2,2,1764,4,0
5,0,3,1,1,13,6,55,14,4,3,1765,3,1
5,1,3,1,1,1,30,185,17,1,6,1766,0,2
5,1,3,0,0,25,4,443,0,1,3,1767,3,0
5,0,3,2,1,9,13,48,16,0,9,1768,0,2
5,0,3,1,1,0,6,444,0,0,3,1769,1,0
5,0,3,1,1,14,2,445,20,4,2,1770,2,2
5,0,3,2,1,14,4,63,6,0,3,1771,4,1
5,1,3,1,1,17,5,27,1,0,4,1772,3,0
5,1,3,1,1,17,5,27,1,0,4,1773,3,0
5,0,3,2,1,0,5,27,0,0,4,1774,3,0
5,0,3,1,1,13,4,446,122,7,3,1775,4,2
5,0,3,2,1,13,2,246,6,2,2,1776,3,1
5,1,3,1,1,11,4,12,123,5,3,1777,1,2
5,0,3,1,1,13,11,43,9,0,8,1778,3,1
5,1,3,1,1,15,22,447,3,2,6,1779,4,0
5,0,3,2,1,0,5,23,1,0,4,1780,5,0
5,1,3,1,1,15,27,448,0,2,3,1781,2,0
5,0,3,1,1,12,4,126,1,1,3,1782,3,0
5,1,3,1,1,18,4,12,45,5,3,1783,0,2
5,0,3,1,1,0,4,61,1,0,3,1784,5,0
5,0,3,1,1,0,4,61,1,0,3,1785,5,0
5,0,3,1,1,14,17,58,1,1,6,1786,0,0
5,0,3,1,1,13,8,449,9,0,5,1787,3,1
5,0,3,1,1,10,4,12,14,5,3,1788,4,1
5,0,3,1,1,14,4,12,207,5,3,1789,4,2
5,0,3,2,1,0,5,27,1,0,4,1790,1,0
5,0,3,1,1,13,6,450,50,7,3,1791,1,2
5,1,3,1,1,17,5,27,1,0,4,1792,3,0
5,0,3,1,1,9,5,232,9,0,4,1793,0,1
5,0,3,1,1,9,5,232,9,0,4,1794,0,1
5,0,3,2,1,27,1,3,12,0,1,1795,1,1
5,0,3,1,1,2,6,55,78,4,3,1796,1,2
5,0,3,2,1,2,2,41,42,2,2,1797,1,2
5,0,3,1,1,9,5,232,26,0,4,1798,4,2
5,0,3,1,1,0,17,357,15,0,6,1799,0,1
5,0,3,1,1,14,4,12,1,5,3,1800,0,0
5,0,3,1,1,0,8,153,3,0,5,1801,0,0
5,0,3,1,1,13,2,24,3,1,2,1802,0,0
5,0,3,1,1,10,0,44,14,6,0,1803,0,1
5,1,3,1,1,10,4,12,15,5,3,1804,3,1
5,1,3,1,1,15,2,451,2,0,2,1805,2,0
5,1,3,1,1,15,5,124,3,2,4,1806,4,0
5,0,3,1,1,0,32,148,49,0,14,1807,2,2
5,0,3,1,1,13,2,32,42,4,2,1808,0,2
5,1,3,1,1,16,2,32,1,4,2,1809,0,0
5,1,3,1,1,16,2,32,1,4,2,1810,0,0
5,1,3,0,0,16,6,325,10,0,3,1811,0,1
5,1,3,1,1,10,5,134,4,1,4,1812,4,0
5,1,3,2,1,15,37,261,1,1,6,1813,0,0
5,0,3,1,1,13,4,38,41,8,3,1814,1,2
5,0,3,2,1,27,5,452,15,2,4,1815,3,1
5,0,3,2,1,13,2,40,62,1,2,1816,3,2
5,0,3,2,1,13,2,40,62,1,2,1817,3,2
5,0,3,1,1,13,6,158,14,6,3,1818,4,1
5,0,3,1,1,14,4,38,20,8,3,1819,4,2
5,0,3,1,1,14,4,38,20,8,3,1820,4,2
5,0,3,2,1,13,2,54,5,4,2,1821,3,0
5,0,3,1,1,13,27,111,33,1,3,1822,3,2
5,0,3,1,1,10,4,453,20,6,3,1823,4,2
5,0,3,2,1,0,0,1,0,0,0,1824,3,0
5,0,3,2,1,0,4,63,0,0,3,1825,0,0
5,0,3,1,1,14,22,454,0,2,6,1826,3,0
5,1,3,1,1,18,6,252,5,6,3,1827,1,0
5,1,3,1,1,18,6,252,5,6,3,1828,1,0
5,1,3,1,1,16,2,32,0,4,2,1829,4,0
5,0,3,2,1,13,11,35,0,0,8,1830,0,0
5,0,3,1,1,13,49,455,10,2,20,1831,0,1
5,0,3,1,1,14,32,148,40,0,14,1832,1,2
5,1,3,1,1,16,2,32,6,4,2,1833,3,1
5,1,3,1,1,16,2,32,6,4,2,1834,3,1
5,1,3,1,1,1,6,28,27,6,3,1835,3,2
5,1,3,2,1,16,10,79,0,1,7,1836,3,0
5,0,3,1,1,27,4,38,6,8,3,1837,1,1
5,0,3,1,1,20,2,6,8,4,2,1838,1,1
5,1,3,0,0,3,5,9,0,0,4,1839,2,0
5,1,3,1,1,16,16,456,76,2,4,1840,4,2
5,0,3,2,1,14,5,22,0,0,4,1841,4,0
5,0,3,1,1,14,2,457,103,2,2,1842,1,2
5,0,3,0,1,13,2,382,146,4,2,1843,4,2
5,0,3,1,1,0,5,34,78,0,4,1844,1,2
5,0,3,1,1,0,5,34,78,0,4,1845,1,2
5,0,3,2,1,0,2,77,6,4,2,1846,2,1
5,1,3,1,1,10,6,458,101,0,3,1847,2,2
5,1,3,1,1,10,2,24,1,1,2,1848,3,0
5,0,3,2,1,12,5,262,23,0,4,1849,2,2
5,0,3,1,1,13,2,25,61,2,2,1850,4,2
5,0,3,2,1,13,1,3,9,0,1,1851,2,1
5,0,3,1,1,13,4,61,28,0,3,1852,2,2
5,0,3,2,1,0,8,36,8,1,5,1853,3,1
5,0,3,1,1,13,6,105,63,6,3,1854,0,2
5,1,3,0,1,10,6,459,22,-1,3,1855,0,2
5,0,3,1,1,13,11,43,25,0,8,1856,0,2
5,0,3,2,1,13,2,191,6,4,2,1857,1,1
5,1,3,1,1,18,6,28,20,6,3,1858,2,2
5,0,3,1,1,13,6,55,29,4,3,1859,2,2
5,1,3,0,0,15,22,460,3,4,6,1860,4,0
5,0,3,1,1,0,27,111,112,2,3,1861,1,2
5,0,3,1,1,12,4,81,12,0,3,1862,1,1
5,0,3,2,1,12,9,188,1,0,6,1863,3,0
5,1,3,1,1,16,2,32,0,4,2,1864,3,0
5,1,3,1,1,16,12,21,5,1,8,1865,3,0
5,1,3,1,1,16,2,32,0,4,2,1866,3,0
5,0,3,1,1,0,4,12,6,0,3,1867,3,1
5,0,3,2,1,0,5,22,8,1,4,1868,3,1
5,1,3,1,1,34,2,77,90,4,2,1869,1,2
5,1,3,1,1,34,2,77,90,4,2,1870,1,2
5,0,3,2,1,13,5,104,52,0,4,1871,0,2
5,0,3,2,1,13,5,104,52,0,4,1872,0,2
5,0,3,1,1,0,2,25,143,2,2,1873,4,2
5,0,3,0,0,26,8,274,49,0,5,1874,1,2
5,1,3,1,0,15,6,303,10,5,3,1875,4,1
5,1,3,0,0,15,2,461,6,4,2,1876,1,1
5,0,3,1,1,0,2,25,77,2,2,1877,2,2
5,0,3,2,1,19,16,462,0,2,4,1878,2,0
5,0,3,2,1,14,16,463,0,2,4,1879,2,0
5,0,3,2,1,14,16,463,0,2,4,1880,2,0
5,0,3,2,1,13,2,24,18,0,2,1881,0,2
5,1,3,2,1,18,50,464,8,4,21,1882,5,1
5,1,3,2,1,18,50,464,8,4,21,1883,5,1
5,0,3,1,1,0,4,12,6,5,3,1884,4,1
5,0,3,1,1,9,0,14,2,1,0,1885,2,0
5,1,3,1,1,18,4,63,1,0,3,1886,1,0
5,0,3,1,1,13,2,32,41,4,2,1887,3,2
5,1,3,1,1,18,11,35,24,-1,8,1888,2,2
5,0,3,1,1,13,2,32,96,4,2,1889,1,2
5,0,3,1,1,10,0,14,14,0,0,1890,2,1
5,1,3,1,1,17,4,70,0,0,3,1891,2,0
5,0,3,2,1,20,2,25,4,9,2,1892,0,0
5,0,3,1,1,0,4,465,8,0,3,1893,0,1
5,1,3,1,1,10,30,167,40,1,6,1894,3,2
5,1,3,0,0,10,5,9,69,1,4,1895,1,2
5,0,3,2,1,19,5,100,0,0,4,1896,3,0
5,0,3,2,1,13,14,37,19,0,10,1897,4,2
5,0,3,1,1,14,2,25,85,2,2,1898,2,2
5,0,3,1,1,13,21,187,126,4,3,1899,3,2
5,0,3,1,1,13,21,187,49,4,3,1900,3,2
5,0,3,1,1,13,17,357,21,0,6,1901,4,2
5,0,3,1,1,13,2,83,94,4,2,1902,4,2
5,1,3,2,1,10,2,54,12,4,2,1903,4,1
5,1,3,2,1,10,2,54,12,4,2,1904,4,1
5,0,3,1,1,13,2,83,62,0,2,1905,4,2
5,1,3,0,0,17,4,12,5,5,3,1906,4,0
5,0,3,1,1,0,33,168,62,0,12,1907,4,2
5,0,3,2,1,16,4,446,1,4,3,1908,1,0
5,0,3,1,1,13,2,24,8,1,2,1909,1,1
5,1,3,1,1,15,32,466,0,5,14,1910,1,0
5,1,3,1,1,16,4,253,0,0,3,1911,2,0
5,1,3,1,1,16,8,149,0,0,5,1912,2,0
5,1,3,1,1,16,8,149,0,0,5,1913,2,0
5,0,3,0,0,14,6,165,16,1,3,1914,0,2
5,0,3,1,1,0,4,61,0,1,3,1915,3,0
5,0,3,1,1,0,4,61,0,1,3,1916,3,0
5,0,3,2,1,13,15,427,46,4,7,1917,4,2
5,0,3,2,1,19,10,136,7,0,7,1918,2,1
5,0,3,1,1,10,16,189,15,2,4,1919,3,1
5,0,3,1,1,13,6,16,54,6,3,1920,1,2
5,1,3,0,0,1,19,202,21,0,5,1921,3,2
5,0,3,1,1,0,32,148,3,0,14,1922,2,0
5,0,3,1,1,0,32,148,3,0,14,1923,2,0
5,1,3,1,1,10,4,12,89,0,3,1924,4,2
5,0,3,1,1,13,4,61,0,0,3,1925,4,0
5,0,3,1,1,13,4,61,0,0,3,1926,4,0
5,0,3,1,1,10,2,32,1,4,2,1927,3,0
5,0,3,2,1,12,22,185,6,1,6,1928,3,1
5,0,3,1,1,13,2,25,83,2,2,1929,1,2
5,0,3,1,1,13,2,25,83,2,2,1930,1,2
5,1,3,1,1,1,27,467,4,0,3,1931,2,0
5,0,3,2,1,13,12,293,1,0,8,1932,1,0
7,0,4,2,1,20,6,468,17,4,3,1933,2,2
7,0,4,2,1,20,6,468,17,4,3,1934,2,2
7,0,4,2,1,20,6,468,17,4,3,1935,2,2
7,0,4,2,1,20,6,468,17,4,3,1936,2,2
8,1,4,2,1,17,5,110,5,0,4,1937,4,0
9,1,4,2,1,38,5,469,2,0,4,1938,2,0
10,0,5,3,2,39,51,470,2,0,3,1939,2,0
11,0,5,2,1,38,5,22,62,-1,4,1940,2,2
10,0,5,0,0,40,52,470,3,0,22,1941,4,0
10,0,5,0,0,40,52,470,3,0,22,1942,4,0
10,0,5,0,0,40,51,470,1,8,3,1943,0,0
12,1,5,1,1,30,5,278,1,0,4,1944,1,0
12,1,5,2,1,5,20,144,8,1,6,1945,0,1
13,0,5,2,2,14,6,235,8,6,3,1946,1,1
12,1,5,3,2,17,53,471,3,0,4,1947,4,0
12,1,5,3,2,5,53,471,3,0,4,1948,4,0
11,0,5,2,1,38,5,22,15,-1,4,1949,2,1
10,0,5,0,0,40,51,470,2,0,3,1950,6,0
14,1,6,3,2,5,6,472,14,6,3,1951,0,1
14,0,6,1,1,10,6,16,36,6,3,1952,2,2
14,0,6,1,1,10,6,16,36,6,3,1953,2,2
14,0,6,1,1,0,6,472,0,6,3,1954,3,0
14,0,6,0,0,9,0,44,46,6,0,1955,0,2
14,0,6,1,1,20,6,472,90,7,3,1956,1,2
15,0,7,0,0,20,21,473,4,0,3,1957,1,0
15,0,7,1,1,13,21,69,13,0,3,1958,4,1
16,0,8,1,1,40,52,470,3,-1,22,1959,6,0
17,1,9,1,1,5,4,61,0,0,3,1960,2,0
18,0,10,0,0,26,12,170,117,4,8,1961,4,2
19,0,11,1,1,38,11,43,9,1,8,1962,0,1
20,0,11,1,1,9,2,50,1,4,2,1963,3,0
20,0,11,1,1,9,2,50,1,4,2,1964,3,0
19,0,11,1,1,20,13,474,5,1,9,1965,1,0
19,0,11,0,0,9,13,407,103,4,9,1966,1,2
19,0,11,1,1,13,13,475,73,1,9,1967,5,2
21,1,11,0,0,6,13,476,76,1,9,1968,1,2
19,0,11,1,1,19,13,474,0,0,9,1969,0,0
19,0,11,0,0,20,13,475,91,0,9,1970,0,2
21,0,11,0,0,20,13,477,2,1,9,1971,5,0
20,0,11,0,0,22,45,478,56,2,19,1972,2,2
19,0,11,1,1,13,13,479,42,1,9,1973,0,2
10,0,12,0,0,40,6,470,16,4,3,1974,6,2
10,0,12,0,0,40,6,470,30,6,3,1975,6,2
22,0,13,2,1,22,10,326,15,0,7,1976,0,1
22,0,13,1,1,22,5,480,31,2,4,1977,4,2
23,0,13,1,1,22,5,481,64,2,4,1978,2,2
24,1,14,1,1,30,9,18,3,0,6,1979,4,0
24,1,14,1,1,30,10,482,63,0,7,1980,1,2
24,1,14,1,1,16,20,68,12,0,6,1981,2,1
24,1,14,1,1,1,5,483,46,0,4,1982,4,2
25,1,14,3,2,10,17,357,5,0,6,1983,4,0
24,1,14,1,1,30,9,188,12,0,6,1984,4,1
25,1,14,3,2,30,5,484,4,0,4,1985,1,0
26,1,14,2,1,8,5,22,104,0,4,1986,3,2
26,1,14,2,1,8,5,22,104,0,4,1987,3,2
25,1,14,3,2,30,5,484,6,0,4,1988,4,1
25,1,14,3,2,25,30,185,1,0,6,1989,3,0
27,1,14,2,2,3,17,357,10,0,6,1990,2,1
28,1,14,1,1,7,20,68,57,0,6,1991,3,2
29,1,14,3,2,30,5,485,1,0,4,1992,3,0
24,0,14,1,1,41,17,486,5,0,6,1993,1,0
24,1,14,1,1,1,5,483,4,0,4,1994,1,0
25,1,14,0,0,30,9,18,7,0,6,1995,1,1
25,1,14,1,2,30,5,27,7,0,4,1996,1,1
25,1,14,3,2,30,5,484,2,0,4,1997,2,0
25,1,14,1,1,30,5,484,7,4,4,1998,0,1
25,0,14,3,2,42,5,484,7,0,4,1999,0,1
27,0,14,1,1,9,17,270,1,0,6,2000,1,0
29,1,14,2,1,30,5,485,0,0,4,2001,2,0
27,1,14,3,2,25,5,484,3,0,4,2002,4,0
27,1,14,3,2,25,1,220,1,0,1,2003,1,0
29,1,14,2,2,25,6,487,8,0,3,2004,2,1
25,1,14,1,1,30,5,484,30,0,4,2005,2,2
25,1,14,2,1,30,10,301,3,0,7,2006,0,0
25,1,14,2,1,30,20,68,1,0,6,2007,2,0
25,0,14,3,2,42,30,185,2,0,6,2008,2,0
30,1,14,3,2,25,6,488,1,4,3,2009,2,0
25,1,14,1,1,3,1,220,21,0,1,2010,1,2
27,1,14,3,2,1,10,489,1,0,7,2011,2,0
25,0,14,1,1,13,5,484,67,4,4,2012,0,2
25,0,14,3,2,9,5,484,3,0,4,2013,4,0
25,1,14,3,2,30,5,484,0,0,4,2014,4,0
26,1,14,3,2,30,5,154,0,0,4,2015,3,0
27,1,14,3,2,25,5,490,1,0,4,2016,1,0
24,1,14,3,2,17,53,491,4,0,4,2017,0,0
30,1,14,2,2,25,1,220,6,0,1,2018,3,1
27,0,14,2,2,9,35,211,10,1,6,2019,0,1
28,0,14,1,1,7,20,68,36,0,6,2020,3,2
24,0,14,1,1,38,5,483,0,0,4,2021,1,0
25,1,14,3,2,30,5,484,1,0,4,2022,1,0
25,1,14,3,2,30,5,484,0,0,4,2023,1,0
28,0,14,1,1,7,20,68,74,0,6,2024,4,2
28,1,14,2,1,7,5,492,17,0,4,2025,4,2
25,0,14,3,2,43,20,68,14,0,6,2026,3,1
25,0,14,3,2,43,20,68,14,0,6,2027,3,1
28,1,14,2,2,17,5,492,4,0,4,2028,1,0
28,1,14,2,2,17,5,492,4,0,4,2029,1,0
24,1,14,3,2,17,53,491,1,0,4,2030,1,0
29,1,14,3,2,30,20,68,5,0,6,2031,1,0
27,1,14,3,2,25,5,484,5,0,4,2032,4,0
24,0,14,1,1,32,5,483,3,0,4,2033,2,0
28,1,14,2,1,17,5,492,1,0,4,2034,0,0
25,1,14,2,2,30,22,185,15,0,6,2035,0,1
25,1,14,1,1,30,5,484,15,0,4,2036,1,1
25,0,14,1,1,20,5,484,14,0,4,2037,2,1
24,0,14,3,2,20,5,483,3,0,4,2038,2,0
25,1,14,2,1,30,10,301,0,0,7,2039,2,0
25,1,14,3,2,7,22,185,1,0,6,2040,3,0
25,1,14,3,2,30,5,484,1,4,4,2041,2,0
25,1,14,3,2,30,5,484,1,4,4,2042,2,0
28,1,14,3,2,17,5,492,5,0,4,2043,4,0
28,1,14,3,2,17,5,492,5,0,4,2044,4,0
26,1,14,1,1,8,5,22,102,0,4,2045,4,2
26,1,14,1,1,8,5,22,102,0,4,2046,4,2
26,1,14,1,1,8,5,22,103,0,4,2047,4,2
26,1,14,1,1,8,5,22,102,0,4,2048,4,2
26,1,14,1,1,8,5,22,102,0,4,2049,4,2
26,1,14,1,1,8,5,22,102,0,4,2050,4,2
28,1,14,1,1,7,20,68,28,0,6,2051,3,2
28,1,14,2,1,17,5,492,1,0,4,2052,3,0
28,1,14,2,1,17,5,492,7,0,4,2053,2,1
24,0,14,3,2,44,54,493,2,1,7,2054,3,0
24,1,14,1,1,5,5,483,0,0,4,2055,4,0
25,1,14,3,2,30,10,301,0,0,7,2056,4,0
25,1,14,3,2,3,5,484,1,0,4,2057,3,0
25,1,14,2,1,30,9,18,6,0,6,2058,4,1
25,1,14,2,1,30,9,18,6,0,6,2059,4,1
24,1,14,2,1,30,17,357,2,0,6,2060,2,0
24,1,14,2,1,30,17,357,2,0,6,2061,2,0
25,1,14,3,2,30,5,484,12,0,4,2062,3,1
26,1,14,3,2,17,5,154,0,0,4,2063,2,0
28,1,14,3,2,17,5,492,10,0,4,2064,4,1
28,1,14,3,2,17,5,492,10,0,4,2065,4,1
24,1,14,1,1,30,20,68,10,0,6,2066,2,1
24,1,14,1,1,30,20,68,10,0,6,2067,2,1
28,1,14,1,0,17,5,492,11,0,4,2068,1,1
24,1,14,3,2,5,5,483,2,0,4,2069,0,0
27,1,14,3,2,25,48,262,4,0,6,2070,4,0
25,1,14,3,2,3,5,484,2,0,4,2071,0,0
25,1,14,3,2,30,5,484,2,0,4,2072,2,0
25,1,14,3,2,30,5,484,13,0,4,2073,2,1
26,1,14,3,2,17,5,154,11,0,4,2074,4,1
25,1,14,3,2,30,5,484,2,4,4,2075,0,0
25,1,14,3,2,30,5,484,0,0,4,2076,2,0
25,1,14,3,2,30,5,484,0,0,4,2077,2,0
24,0,14,1,1,41,20,68,11,0,6,2078,4,1
24,1,14,1,1,30,5,483,8,1,4,2079,3,1
24,1,14,1,1,30,20,68,5,0,6,2080,1,0
24,1,14,2,1,30,17,357,20,0,6,2081,4,2
24,1,14,2,1,30,17,357,20,0,6,2082,4,2
24,1,14,3,2,5,20,68,3,0,6,2083,0,0
24,1,14,2,1,17,5,27,2,0,4,2084,2,0
25,1,14,2,2,30,10,301,25,0,7,2085,1,2
31,0,15,1,1,20,4,494,61,4,3,2086,3,2
32,1,16,2,1,8,2,32,98,4,2,2087,4,2
33,0,17,1,1,13,6,310,21,7,3,2088,2,2
34,0,17,1,1,22,5,22,20,0,4,2089,1,2
34,0,17,2,1,22,5,22,14,0,4,2090,1,1
34,0,17,2,1,22,5,22,14,0,4,2091,1,1
35,0,18,1,1,10,4,12,1,5,3,2092,3,0
36,1,18,0,0,21,4,12,14,5,3,2093,3,1
35,1,18,1,1,11,4,12,5,5,3,2094,1,0
37,1,18,1,1,10,4,12,54,5,3,2095,4,2
37,1,18,1,1,10,4,12,54,5,3,2096,4,2
37,0,18,1,1,14,4,12,118,5,3,2097,3,2
37,0,18,1,1,19,4,12,67,5,3,2098,1,2
37,0,18,1,1,19,4,12,67,5,3,2099,1,2
35,1,18,1,1,11,6,495,3,5,3,2100,2,0
35,1,18,1,1,11,6,495,3,5,3,2101,2,0
38,1,18,1,1,11,4,12,237,5,3,2102,1,2
35,0,18,1,1,10,4,12,1,5,3,2103,3,0
38,1,18,2,2,5,6,495,1,5,3,2104,3,0
39,1,18,2,1,4,6,496,2,0,3,2105,2,0
35,0,18,1,1,14,12,497,34,5,8,2106,4,2
36,0,18,1,1,9,6,498,11,5,3,2107,4,1
35,0,18,3,2,13,5,499,4,5,4,2108,1,0
35,0,18,1,1,0,6,129,72,5,3,2109,3,2
35,0,18,1,1,10,12,293,78,5,8,2110,3,2
40,0,19,1,1,42,6,165,1,0,3,2111,1,0
40,1,19,2,1,4,17,357,4,0,6,2112,4,0
40,1,19,2,1,4,17,357,4,0,6,2113,4,0
41,1,19,2,1,4,6,487,28,4,3,2114,4,2
41,1,19,2,1,4,6,487,28,4,3,2115,4,2
41,0,19,1,1,20,6,487,3,4,3,2116,4,0
41,1,19,2,1,4,8,135,0,0,5,2117,1,0
41,1,19,3,2,4,6,487,26,0,3,2118,1,2
41,0,19,2,1,22,10,323,3,0,7,2119,4,0
41,0,19,2,1,20,5,22,11,0,4,2120,2,1
41,0,19,2,1,20,5,22,11,0,4,2121,2,1
41,0,19,2,1,8,10,500,27,0,7,2122,4,2
41,0,19,2,1,8,2,32,6,4,2,2123,3,1
41,0,19,3,2,32,2,191,0,4,2,2124,4,0
41,0,19,3,2,32,2,191,0,4,2,2125,4,0
41,1,19,2,1,4,6,501,12,0,3,2126,1,1
41,1,19,2,1,45,6,487,16,4,3,2127,0,2
41,0,19,3,2,42,6,487,0,0,3,2128,4,0
40,0,19,3,2,8,6,502,29,4,3,2129,0,2
41,0,19,2,1,42,5,22,7,0,4,2130,3,1
41,0,19,2,1,22,5,22,3,0,4,2131,4,0
41,0,19,2,1,20,2,77,2,4,2,2132,3,0
41,0,19,2,1,8,4,38,0,8,3,2133,4,0
41,0,19,2,1,22,5,22,58,0,4,2134,2,2
41,0,19,3,2,22,2,77,0,4,2,2135,4,0
41,0,19,2,1,8,10,323,2,0,7,2136,2,0
41,1,19,2,1,4,6,487,55,4,3,2137,2,2
40,0,19,2,1,38,6,97,1,0,3,2138,1,0
41,0,19,3,2,20,2,191,6,4,2,2139,3,1
41,1,19,2,1,4,6,487,63,4,3,2140,0,2
41,0,19,2,1,8,6,487,0,4,3,2141,4,0
41,1,19,2,1,4,6,487,35,4,3,2142,2,2
40,0,19,2,1,32,13,30,0,1,9,2143,3,0
41,0,19,3,2,8,2,191,25,4,2,2144,0,2
41,1,19,2,1,4,6,487,143,1,3,2145,2,2
41,0,19,3,2,42,5,22,2,0,4,2146,0,0
41,0,19,3,2,42,5,22,1,0,4,2147,0,0
40,0,19,2,1,8,2,32,2,4,2,2148,0,0
40,0,19,2,1,8,2,32,8,4,2,2149,0,1
40,0,19,2,1,8,2,32,10,4,2,2150,0,1
41,1,19,3,2,45,2,32,19,4,2,2151,3,2
41,1,19,3,2,45,2,32,19,4,2,2152,3,2
41,1,19,3,2,4,6,487,0,0,3,2153,0,0
41,1,19,2,1,4,6,487,8,4,3,2154,0,1
41,1,19,2,1,4,6,487,35,0,3,2155,4,2
41,0,19,3,2,22,5,22,0,0,4,2156,4,0
41,0,19,3,2,22,5,22,0,0,4,2157,4,0
41,1,19,2,1,4,6,487,75,4,3,2158,3,2
41,0,19,2,1,8,4,38,7,8,3,2159,2,1
41,1,19,2,1,4,6,487,76,0,3,2160,1,2
41,0,19,3,2,42,2,32,2,4,2,2161,0,0
41,0,19,2,1,8,2,191,19,4,2,2162,1,2
40,0,19,2,1,22,12,293,0,0,8,2163,0,0
41,1,19,1,1,4,6,487,98,0,3,2164,1,2
41,0,19,3,2,22,2,77,4,4,2,2165,0,0
41,1,19,2,1,8,6,487,47,1,3,2166,4,2
40,0,19,2,1,20,12,21,1,1,8,2167,2,0
40,1,19,2,1,4,6,165,0,0,3,2168,4,0
41,0,19,2,1,20,6,487,3,5,3,2169,2,0
41,1,19,2,1,4,6,487,54,1,3,2170,3,2
41,1,19,2,1,4,6,487,54,1,3,2171,3,2
41,0,19,3,2,20,2,32,0,4,2,2172,0,0
41,0,19,3,2,20,2,32,0,4,2,2173,0,0
41,0,19,3,2,20,2,32,9,4,2,2174,0,1
41,0,19,2,1,8,2,32,0,4,2,2175,1,0
41,1,19,2,1,4,6,487,140,4,3,2176,4,2
40,0,19,1,1,12,4,61,11,0,3,2177,4,1
40,0,19,1,1,12,4,61,11,0,3,2178,4,1
40,0,19,2,1,8,11,503,0,0,8,2179,2,0
41,1,19,2,1,4,6,487,33,0,3,2180,1,2
41,1,19,2,1,8,6,487,8,0,3,2181,0,1
41,0,19,1,1,20,6,487,0,0,3,2182,0,0
40,0,19,2,1,8,2,32,93,4,2,2183,0,2
40,0,19,2,1,8,2,32,93,4,2,2184,0,2
41,0,19,3,2,20,5,504,3,0,4,2185,2,0
40,0,19,2,1,8,4,38,6,8,3,2186,2,1
40,0,19,2,1,8,4,38,6,8,3,2187,2,1
41,0,19,1,1,8,6,487,0,8,3,2188,0,0
40,0,19,2,1,8,12,21,100,1,8,2189,3,2
41,0,19,2,1,8,2,32,66,4,2,2190,2,2
41,0,19,1,1,8,2,77,34,4,2,2191,3,2
41,1,19,2,1,4,6,487,63,4,3,2192,0,2
40,0,19,3,2,42,6,97,0,8,3,2193,2,0
40,1,19,2,1,4,6,165,7,0,3,2194,1,1
40,0,19,2,1,8,2,191,6,4,2,2195,1,1
40,0,19,2,1,8,2,191,6,4,2,2196,1,1
40,0,19,3,2,45,12,293,1,0,8,2197,2,0
41,1,19,2,1,4,6,487,8,1,3,2198,2,1
41,1,19,2,1,8,2,32,98,4,2,2199,4,2
41,0,19,2,1,8,5,34,2,0,4,2200,3,0
41,0,19,2,1,8,5,34,2,0,4,2201,3,0
41,0,19,3,2,8,6,495,1,0,3,2202,3,0
40,0,19,2,1,20,5,499,2,1,4,2203,0,0
40,0,19,1,1,13,2,32,14,4,2,2204,1,1
40,0,19,3,2,20,2,32,70,4,2,2205,2,2
40,1,19,2,1,8,2,505,0,4,2,2206,2,0
41,0,19,1,1,22,5,22,0,0,4,2207,0,0
40,0,19,3,2,8,6,506,25,4,3,2208,5,2
40,0,19,3,2,8,6,506,25,4,3,2209,5,2
41,0,19,3,2,32,10,323,0,0,7,2210,2,0
41,0,19,2,1,8,2,32,37,4,2,2211,3,2
41,0,19,2,1,0,2,32,15,4,2,2212,0,1
41,1,19,2,1,4,6,487,15,4,3,2213,1,1
40,0,19,2,1,20,37,261,5,1,6,2214,3,0
41,0,19,3,2,8,6,487,0,0,3,2215,1,0
41,0,19,2,1,8,5,22,14,1,4,2216,0,1
41,0,19,2,1,20,2,77,1,4,2,2217,0,0
41,0,19,3,2,8,2,77,1,4,2,2218,0,0
41,0,19,2,1,22,4,61,3,1,3,2219,4,0
41,0,19,1,1,22,6,487,1,0,3,2220,4,0
40,0,19,2,1,8,5,499,12,0,4,2221,3,1
41,0,19,2,1,20,5,22,19,0,4,2222,1,2
41,0,19,3,2,20,2,77,9,4,2,2223,3,1
41,1,19,2,1,4,6,487,84,1,3,2224,0,2
41,0,19,1,1,46,5,507,0,0,4,2225,2,0
41,1,19,1,1,4,6,97,30,8,3,2226,2,2
40,0,19,2,1,42,6,97,4,1,3,2227,4,0
41,0,19,1,0,8,2,32,106,4,2,2228,0,2
41,0,19,1,1,42,6,487,2,4,3,2229,0,0
41,1,19,2,1,4,6,487,14,0,3,2230,0,1
41,0,19,1,1,22,6,487,0,1,3,2231,1,0
41,0,19,3,2,8,5,22,1,0,4,2232,0,0
41,0,19,1,1,22,6,487,3,4,3,2233,4,0
41,0,19,3,2,42,5,22,2,0,4,2234,0,0
41,0,19,3,2,42,5,22,1,0,4,2235,0,0
41,1,19,2,1,47,6,487,76,4,3,2236,2,2
40,1,19,2,1,38,17,357,0,1,6,2237,1,0
40,0,19,3,2,8,2,32,3,4,2,2238,0,0
40,0,19,1,1,8,5,499,59,1,4,2239,0,2
41,0,19,3,2,22,2,191,6,4,2,2240,3,1
40,0,19,1,1,8,4,63,0,0,3,2241,1,0
40,0,19,2,1,20,5,23,0,0,4,2242,1,0
40,1,19,2,1,8,6,495,0,0,3,2243,1,0
40,1,19,2,1,4,11,508,0,0,8,2244,1,0
41,1,19,2,1,8,6,487,16,1,3,2245,3,2
41,0,19,3,2,20,2,77,1,4,2,2246,3,0
40,0,19,1,1,8,5,499,0,0,4,2247,1,0
42,1,20,1,1,18,2,25,20,2,2,2248,1,2
43,0,20,1,1,22,6,315,5,6,3,2249,4,0
43,0,20,1,1,22,6,315,5,6,3,2250,4,0
44,1,20,1,1,17,2,32,6,4,2,2251,1,1
43,0,20,1,1,22,6,315,5,6,3,2252,4,0
43,1,20,1,1,10,6,252,11,2,3,2253,4,1
43,1,20,1,1,10,6,252,11,2,3,2254,4,1
45,0,21,1,1,14,2,25,1,2,2,2255,3,0
46,0,22,1,1,13,4,12,0,0,3,2256,0,0
47,0,23,2,1,13,5,22,2,1,4,2257,2,0
48,0,24,3,2,32,6,468,0,4,3,2258,2,0
49,0,24,0,0,9,6,509,0,4,3,2259,4,0
49,0,24,3,2,41,6,468,0,4,3,2260,1,0
48,0,24,3,2,32,6,468,0,4,3,2261,3,0
49,1,24,1,1,25,6,509,0,0,3,2262,3,0
48,0,24,3,2,32,6,468,0,4,3,2263,2,0
49,0,24,0,0,9,6,509,0,4,3,2264,1,0
49,0,24,0,0,9,6,509,0,0,3,2265,3,0
50,0,24,0,0,9,0,44,4,6,0,2266,0,0
49,1,24,3,2,25,6,510,4,4,3,2267,4,0
51,1,24,3,2,25,6,510,9,4,3,2268,5,1
49,1,24,2,1,25,6,510,6,4,3,2269,3,1
49,1,24,0,0,3,6,509,0,4,3,2270,1,0
48,0,24,1,1,9,6,468,0,4,3,2271,3,0
48,0,24,3,2,9,2,54,2,4,2,2272,1,0
49,1,24,2,1,3,6,510,1,4,3,2273,0,0
48,0,24,2,1,20,6,468,23,4,3,2274,0,2
48,0,24,3,2,20,6,468,9,4,3,2275,0,1
48,0,24,3,2,20,6,468,9,4,3,2276,0,1
48,0,24,2,1,20,6,468,17,4,3,2277,2,2
48,0,24,2,1,20,6,468,17,4,3,2278,2,2
48,0,24,2,1,32,6,510,7,4,3,2279,4,1
48,0,24,2,1,32,6,510,7,4,3,2280,4,1
48,0,24,2,1,32,6,510,7,4,3,2281,4,1
48,0,24,2,1,32,6,510,7,4,3,2282,4,1
48,0,24,2,1,32,6,510,7,4,3,2283,4,1
50,0,24,0,0,8,6,511,0,0,3,2284,1,0
49,0,24,3,2,9,6,510,0,4,3,2285,0,0
49,0,24,0,0,9,6,509,0,0,3,2286,2,0
52,1,24,0,0,30,6,512,0,1,3,2287,0,0
49,0,24,0,0,9,6,509,0,0,3,2288,1,0
48,0,24,3,2,32,6,468,0,4,3,2289,1,0
48,0,24,3,2,32,6,468,2,4,3,2290,2,0
49,1,24,1,1,5,6,509,2,0,3,2291,0,0
49,0,24,0,0,9,6,509,0,4,3,2292,1,0
49,0,24,0,0,9,6,509,0,4,3,2293,1,0
49,0,24,3,2,9,6,509,1,4,3,2294,2,0
49,1,24,1,1,25,6,509,0,0,3,2295,1,0
48,0,24,2,1,13,2,50,14,4,2,2296,2,1
49,0,24,1,1,9,6,509,1,0,3,2297,2,0
48,0,24,2,1,20,6,468,17,4,3,2298,2,2
48,0,24,2,1,20,6,468,17,4,3,2299,2,2
53,0,24,2,1,0,2,25,42,2,2,2300,3,2
49,0,24,0,0,9,6,468,0,4,3,2301,1,0
49,0,24,1,1,27,33,168,2,0,12,2302,2,0
49,0,24,1,1,27,33,168,7,1,12,2303,2,1
49,0,24,0,0,9,6,509,0,0,3,2304,0,0
48,0,24,3,2,32,6,468,8,4,3,2305,2,1
49,0,24,0,0,9,6,468,0,4,3,2306,4,0
48,0,24,2,1,9,6,468,3,4,3,2307,0,0
48,0,24,3,2,32,6,468,0,4,3,2308,0,0
49,1,24,3,2,25,6,509,4,4,3,2309,4,0
48,0,24,3,2,32,6,468,1,4,3,2310,2,0
48,0,24,2,1,32,6,468,78,4,3,2311,2,2
49,1,24,0,0,30,6,509,0,0,3,2312,2,0
49,0,24,0,0,9,6,509,0,4,3,2313,2,0
49,0,24,0,0,3,6,468,0,4,3,2314,4,0
52,0,24,1,1,9,13,513,1,1,9,2315,0,0
48,0,24,0,0,3,6,468,0,4,3,2316,4,0
49,0,24,0,0,20,5,34,13,1,4,2317,3,1
52,0,24,2,1,9,13,513,0,1,9,2318,0,0
49,0,24,0,0,25,6,509,0,0,3,2319,0,0
49,1,24,1,1,30,6,509,0,0,3,2320,3,0
49,1,24,1,1,25,6,509,0,1,3,2321,4,0
49,0,24,0,0,3,6,509,0,0,3,2322,1,0
49,0,24,0,0,9,6,509,0,4,3,2323,1,0
54,0,24,1,1,32,2,54,98,4,2,2324,3,2
48,0,24,3,2,32,6,468,0,4,3,2325,2,0
55,0,25,3,2,32,6,501,1,10,3,2326,3,0
48,1,25,3,2,25,6,468,1,4,3,2327,2,0
48,1,25,1,1,25,6,468,0,4,3,2328,1,0
55,0,25,1,1,8,6,501,14,0,3,2329,2,1
48,0,25,3,2,9,6,468,0,4,3,2330,4,0
48,0,25,2,1,9,6,468,0,4,3,2331,2,0
48,0,25,1,1,9,2,6,42,4,2,2332,3,2
48,0,25,1,1,9,2,6,8,4,2,2333,3,1
48,0,25,1,1,9,2,50,63,4,2,2334,3,2
48,0,25,1,1,9,2,50,98,4,2,2335,3,2
56,0,25,0,0,9,6,514,0,7,3,2336,3,0
55,0,25,1,1,8,6,501,2,8,3,2337,2,0
48,0,25,3,2,9,6,468,0,4,3,2338,1,0
48,1,25,0,0,21,2,6,46,4,2,2339,4,2
48,1,25,1,1,25,6,468,8,4,3,2340,0,1
54,0,25,2,1,9,6,488,10,0,3,2341,2,1
48,0,25,2,1,9,2,6,1,4,2,2342,3,0
57,0,25,3,2,20,2,54,0,4,2,2343,2,0
48,0,25,1,1,9,6,468,0,4,3,2344,1,0
54,1,25,0,0,30,6,488,0,1,3,2345,3,0
54,1,25,0,0,30,6,488,0,0,3,2346,3,0
48,0,25,1,1,9,6,468,0,4,3,2347,2,0
48,1,25,1,1,1,22,98,168,4,6,2348,0,2
55,0,25,1,1,20,6,487,15,1,3,2349,1,1
56,0,25,0,0,9,6,459,0,-1,3,2350,3,0
54,0,25,1,1,20,4,38,6,8,3,2351,3,1
48,1,25,1,1,5,6,468,0,4,3,2352,0,0
50,0,25,0,0,9,16,498,42,5,4,2353,1,2
55,0,25,1,1,3,6,501,8,0,3,2354,3,1
55,0,25,1,1,20,6,487,17,1,3,2355,2,2
48,0,25,2,1,9,6,468,0,4,3,2356,4,0
48,1,25,3,2,25,6,468,1,4,3,2357,2,0
48,0,25,3,2,9,6,510,0,4,3,2358,0,0
48,0,25,3,2,9,6,510,3,4,3,2359,0,0
48,0,25,1,1,9,6,468,0,4,3,2360,4,0
48,0,25,2,1,9,6,468,0,4,3,2361,0,0
55,0,25,2,1,8,6,501,1,0,3,2362,2,0
54,0,25,2,1,9,12,515,0,0,8,2363,2,0
54,1,25,0,0,30,6,488,0,1,3,2364,4,0
56,1,25,0,0,1,6,516,6,0,3,2365,1,1
54,0,25,2,1,9,4,210,9,1,3,2366,3,1
48,0,25,3,2,41,6,510,0,4,3,2367,1,0
54,1,25,0,0,30,6,488,0,0,3,2368,1,0
48,0,25,2,1,12,6,401,4,4,3,2369,0,0
48,0,25,1,1,9,6,468,0,4,3,2370,4,0
57,0,25,2,2,20,6,510,10,4,3,2371,0,1
54,0,25,3,2,22,4,38,0,8,3,2372,3,0
48,0,25,2,1,9,6,468,0,4,3,2373,0,0
56,1,25,1,1,28,4,38,26,8,3,2374,3,2
48,0,25,2,2,9,6,468,0,4,3,2375,0,0
48,0,25,3,2,32,6,510,0,4,3,2376,1,0
48,0,25,3,2,9,6,468,0,4,3,2377,4,0
55,0,25,2,2,20,6,487,53,1,3,2378,0,2
48,0,25,1,1,9,6,468,0,4,3,2379,3,0
57,1,25,1,1,1,6,347,0,4,3,2380,0,0
48,1,25,3,2,25,6,468,1,4,3,2381,0,0
48,0,25,2,1,9,6,468,0,4,3,2382,4,0
48,0,25,3,2,9,6,468,0,4,3,2383,0,0
54,1,25,1,1,28,23,84,0,1,11,2384,2,0
48,0,25,1,1,9,6,468,2,4,3,2385,3,0
48,1,25,3,2,25,6,468,0,4,3,2386,0,0
49,0,25,2,1,48,6,509,0,4,3,2387,1,0
57,0,25,0,0,20,6,510,16,4,3,2388,2,2
54,1,25,3,2,1,10,489,1,0,7,2389,2,0
48,0,25,0,0,9,6,468,0,4,3,2390,3,0
55,0,25,2,1,42,6,487,45,1,3,2391,4,2
41,0,26,2,1,20,6,129,37,0,3,2392,2,2
58,0,26,3,2,49,6,97,0,8,3,2393,1,0
41,1,26,2,1,4,6,487,0,0,3,2394,0,0
41,0,26,2,1,22,5,517,27,0,4,2395,3,2
41,0,26,2,1,22,6,487,1,0,3,2396,3,0
55,0,26,1,1,13,12,47,42,0,8,2397,2,2
36,0,26,3,2,9,5,184,0,5,4,2398,4,0
57,1,26,2,1,21,6,510,51,4,3,2399,2,2
41,0,26,2,1,42,5,9,46,1,4,2400,1,2
41,0,26,2,1,8,4,38,14,8,3,2401,2,1
55,0,26,1,1,13,21,187,3,1,3,2402,0,0
36,0,26,0,0,9,5,518,21,5,4,2403,3,2
41,0,26,2,1,22,5,9,4,1,4,2404,2,0
55,0,26,2,1,0,19,65,10,0,5,2405,5,1
41,0,26,3,2,8,2,32,1,4,2,2406,2,0
41,0,26,1,1,9,5,499,0,0,4,2407,3,0
59,0,26,3,2,42,6,519,0,4,3,2408,2,0
41,1,26,2,1,4,6,487,0,0,3,2409,4,0
41,0,26,2,1,20,5,499,12,0,4,2410,1,1
36,0,26,0,0,9,4,12,13,5,3,2411,3,1
34,0,26,2,1,32,2,40,20,1,2,2412,3,2
34,0,26,3,2,22,5,9,4,0,4,2413,0,0
41,0,26,3,2,22,5,22,4,0,4,2414,1,0
41,1,26,2,1,4,6,487,0,0,3,2415,2,0
59,0,26,1,1,42,6,519,6,6,3,2416,4,1
36,0,26,0,0,20,4,12,1,5,3,2417,3,0
57,1,26,3,2,3,2,6,0,4,2,2418,1,0
57,0,26,2,2,42,6,510,55,4,3,2419,2,2
41,0,26,2,1,8,4,38,31,8,3,2420,2,2
41,1,26,2,1,4,6,487,7,5,3,2421,2,1
36,1,26,0,0,21,4,12,7,5,3,2422,1,1
57,0,26,2,2,42,6,510,55,4,3,2423,2,2
41,1,26,2,1,4,6,487,1,0,3,2424,2,0
36,0,26,0,0,3,4,12,19,5,3,2425,1,2
36,0,26,0,0,9,4,12,23,5,3,2426,3,2
59,0,26,0,0,9,6,519,8,2,3,2427,1,1
41,0,26,1,1,38,5,499,72,1,4,2428,0,2
36,0,26,1,0,9,4,12,15,5,3,2429,1,1
11,1,26,0,0,5,6,459,18,-1,3,2430,4,2
59,0,26,1,1,20,6,16,4,6,3,2431,1,0
59,0,26,1,1,20,6,16,4,6,3,2432,1,0
41,0,26,2,1,20,4,38,36,8,3,2433,1,2
59,0,26,1,1,42,6,519,121,4,3,2434,0,2
41,0,26,1,1,9,4,38,18,8,3,2435,1,2
57,0,26,3,2,20,6,510,8,4,3,2436,3,1
41,0,26,2,1,22,5,22,32,0,4,2437,4,2
60,1,26,2,1,4,6,495,28,5,3,2438,0,2
36,0,26,1,0,9,4,12,1,5,3,2439,2,0
36,0,26,2,2,22,5,184,6,5,4,2440,4,1
41,0,26,1,1,22,4,63,7,0,3,2441,0,1
41,0,26,1,1,22,4,63,7,0,3,2442,0,1
41,0,26,3,2,8,11,35,0,0,8,2443,4,0
59,0,26,2,2,9,6,450,8,4,3,2444,3,1
41,1,26,2,1,4,6,487,7,4,3,2445,4,1
59,0,26,1,1,8,2,77,20,4,2,2446,3,2
59,0,26,0,0,42,6,519,2,6,3,2447,0,0
41,0,26,3,2,9,6,487,0,4,3,2448,3,0
58,1,26,2,1,5,6,129,12,5,3,2449,3,1
55,0,26,2,1,8,5,22,56,0,4,2450,3,2
55,0,26,2,1,8,5,22,56,0,4,2451,3,2
55,0,26,2,1,8,5,22,56,0,4,2452,3,2
55,0,26,2,1,8,5,22,56,0,4,2453,3,2
55,0,26,2,1,8,5,22,56,0,4,2454,3,2
55,0,26,2,1,8,5,22,56,0,4,2455,3,2
41,1,26,2,1,4,6,487,0,0,3,2456,0,0
41,0,26,1,1,22,4,63,55,0,3,2457,2,2
41,1,26,2,1,4,6,487,6,4,3,2458,3,1
41,1,26,2,1,4,6,487,0,0,3,2459,3,0
59,0,26,1,1,42,6,141,19,4,3,2460,1,2
41,0,26,0,1,20,6,487,22,8,3,2461,1,2
41,0,26,2,1,9,4,156,40,0,3,2462,4,2
59,0,26,1,1,0,2,25,13,2,2,2463,2,1
41,1,26,2,1,4,6,487,2,4,3,2464,3,0
41,0,26,2,1,8,2,50,14,4,2,2465,1,1
59,0,26,1,1,20,6,519,133,2,3,2466,2,2
41,1,26,2,1,4,6,487,0,4,3,2467,0,0
41,1,26,2,1,4,6,487,0,4,3,2468,0,0
41,1,26,2,1,4,6,487,1,8,3,2469,0,0
41,0,26,2,1,38,5,9,13,0,4,2470,2,1
58,0,26,3,2,49,5,499,1,0,4,2471,0,0
41,1,26,2,1,8,6,487,19,0,3,2472,4,2
41,1,26,2,1,8,6,487,19,0,3,2473,4,2
61,1,26,0,0,30,6,520,91,9,3,2474,3,2
41,0,26,2,1,9,4,38,4,8,3,2475,0,0
55,0,26,2,1,9,6,92,20,0,3,2476,4,2
55,0,26,1,1,14,2,83,34,0,2,2477,1,2
41,1,26,2,1,4,6,487,1,0,3,2478,0,0
59,0,26,1,1,10,0,44,14,6,0,2479,0,1
41,0,26,2,1,8,6,487,0,0,3,2480,4,0
36,0,26,2,1,9,4,12,7,5,3,2481,3,1
59,0,26,2,2,13,15,159,15,4,7,2482,2,1
59,0,26,2,2,13,15,159,15,4,7,2483,2,1
62,0,27,1,1,13,2,24,12,1,2,2484,1,1
63,0,28,1,1,14,1,3,5,0,1,2485,4,0
64,0,28,1,1,9,5,232,0,0,4,2486,2,0
13,0,29,3,2,14,6,235,6,6,3,2487,4,1
13,0,29,3,2,14,6,235,6,6,3,2488,4,1
